date,pollster,unsure,fidesz,tisza,dk_mszp_p,mihazank,mkkp,momentum,url
2025-03-12,Nézőpont,0.18,0.37,0.25,0.02,0.06,0.04,0.01,https://nezopont.hu/hu/tevekenysegeink/kozvelemeny-kutatasok/tetozott-a-tisza
2025-03-11,Publicus,0.33,0.26,0.28,0.08,0.03,0.01,0.0,https://publicus.hu/blog/partok-tamogatottsaga-2025-marcius/
2025-03-11,Publicus,0.22,0.31,0.31,0.1,0.04,0.01,0.0,https://publicus.hu/blog/partok-tamogatottsaga-2025-marcius/
2025-03-08,Medián,0.24,0.29,0.33,0.02,0.05,0.03,0.0,
2025-02-26,Republikon,0.26,0.26,0.28,0.07,0.05,0.05,0.01,"https://republikon.hu/elemzesek,-kutatasok/250301-kkv.aspx"
2025-01-29,Publicus,0.32,0.25,0.28,0.08,0.04,0.02,0.0,https://publicus.hu/blog/partok-tamogatottsaga-2025-januar/
2025-01-29,Publicus,0.21,0.3,0.33,0.09,0.04,0.02,0.0,https://publicus.hu/blog/partok-tamogatottsaga-2025-januar/
2025-01-22,Republikon,0.28,0.23,0.26,0.07,0.05,0.04,0.02,"https://republikon.hu/elemzesek,-kutatasok/250128_kvk_januar.aspx"
2025-02-28,Iránytű,0.22,0.32,0.31,0.03,0.05,0.03,0.0,https://iranytuintezet.hu/kutatas/az-egyes-partok-szavazotaboranak-szociodemografiai-osszetetele-2024-25-tel/
2025-02-28,Iránytű,0.22,0.32,0.31,0.03,0.05,0.03,0.0,https://iranytuintezet.hu/kutatas/az-egyes-partok-szavazotaboranak-szociodemografiai-osszetetele-2024-25-tel/
2025-01-10,IDEA,0.26,0.26,0.33,0.04,0.05,0.02,0.01,https://www.facebook.com/ideaintezet/posts/pfbid0eBrPocBJFH9hDVJsgbcnaESmKt8qaWPvSobYCRNe5bFmyXKnVvRdq8rPAuZLSHvql
2024-12-17,Publicus,0.33,0.24,0.27,0.08,0.04,0.02,0.01,https://telex.hu/belfold/2024/12/28/partpreferencia-publicus-2024-december-tisza-fidesz
2024-12-11,Nézőpont,0.21,0.38,0.25,0.03,0.04,0.04,0.01,https://nezopont.hu/hu/tevekenysegeink/kozvelemeny-kutatasok/61-szazalekos-fidesz-tobbseg
2024-12-12,Századvég,0.07,0.4,0.31,0.05,0.06,0.07,0.03,https://szazadveg.hu/cikkek/elso-helyen-a-fidesz-kdnp-egyre-tobben-fordulnak-el-magyar-petertol/
2024-12-06,IDEA,0.24,0.27,0.33,0.04,0.05,0.02,0.01,http://www.ideaintezet.hu/hu/hirek-aktualis/126/novelte-elonyet-a-tisza--negy-part-bejutasi-kuszob-felett
2024-12-05,Republikon,0.24,0.25,0.27,0.08,0.06,0.04,0.03,"https://republikon.hu/elemzesek,-kutatasok/24-12-16_kvk_december.aspx"
2024-11-30,ZRI,0.29,0.24,0.26,0.07,0.05,0.03,0.02,https://hvg.hu/itthon/20241205_Zavecz-tisza-fidesz-ebx
2024-11-26,Medián,0.24,0.27,0.34,0.03,0.05,0.03,0.01,https://hvg.hu/360/20241128_Median-kozvelemenykutatas-november-Tisza-Magyar-Peter-Fidesz
2024-11-22,TK,0.18,0.38,0.26,0.03,0.05,0.05,0.01,https://tarsadalomkutato.hu/egyertelmuen-a-fidesz-vezeti-a-partversenyt/
2024-11-19,Publicus,0.36,0.24,0.25,0.08,0.03,0.02,0.01,https://publicus.hu/blog/partok-tamogatottsaga-2024-november/
2024-11-19,Publicus,0.26,0.27,0.28,0.11,0.04,0.02,0.01,https://publicus.hu/blog/partok-tamogatottsaga-2024-november/
2024-11-19,Századvég,0.06,0.38,0.32,0.06,0.06,0.09,0.02,https://szazadveg.hu/cikkek/orzi-vezeto-szerepet-a-fidesz-kdnp/
2024-11-13,Nézőpont,0.2,0.38,0.25,0.03,0.05,0.04,0.01,https://nezopont.hu/hu/tevekenysegeink/kozvelemeny-kutatasok/12-szazalekpontos-fidesz-elony
2024-11-08,IDEA,0.26,0.28,0.3,0.04,0.05,0.02,0.01,https://www.facebook.com/ideaintezet/posts/pfbid02pvdwsoKfuWPnXfr4estUh9oeusqweDYWLZwG3hA2vRRUKDwUiub4kXVfHHr19YMvl
2024-11-04,Medián,0.2,0.32,0.34,0.03,0.05,0.03,0.01,https://hvg.hu/360/20241105_Median-kozvelemeny-kutatas-partpreferenciak-Fidesz-Tisza
2024-10-30,Real-PR 93,0.19,0.38,0.25,0.03,0.04,0.04,0.02,https://magyarnemzet.hu/belfold/2024/11/folenyesen-gyozne-a-fidesz-kdnp-ha-most-lennenek-a-valasztasok
2024-10-29,Republikon,0.29,0.26,0.24,0.08,0.05,0.04,0.03,"https://republikon.hu/elemzesek,-kutatasok/241105.aspx"
2024-10-17,Nézőpont,0.22,0.36,0.25,0.03,0.05,0.04,0.01,https://nezopont.hu/valtozatlan-a-partverseny-allasa/
2024-10-18,Publicus,0.38,0.23,0.24,0.07,0.03,0.02,0.01,https://publicus.hu/blog/partok-tamogatottsaga-2024-oktober/
2024-10-18,Publicus,0.28,0.26,0.27,0.09,0.03,0.03,0.01,https://publicus.hu/blog/partok-tamogatottsaga-2024-oktober/
2024-10-26,Századvég,0.08,0.4,0.31,0.06,0.06,0.06,0.02,https://szazadveg.hu/cikkek/stabil-kormanyparti-vezetes/
2024-10-15,21 Kutató,0.28,0.29,0.26,0.04,0.05,0.03,0.02,https://www.facebook.com/partizanpolitika/posts/pfbid07krfXJnZxZAZ1oJZ4ECuMoEHUgjMJ1Q465FaAtzqFnF9KEUcFsq911GbNAyvDeHRl
2024-10-08,ZRI,0.32,0.25,0.21,0.07,0.04,0.03,0.02,https://telex.hu/belfold/2024/10/11/tisza-part-magyar-peter-fidesz-ellenzek-kozvelemeny-kutatas-zavecz-research?fbclid=IwY2xjawF2YI9leHRuA2FlbQIxMAABHfLQXIS9jFf0pbP7uPPdcxeEgTrWqQIMfWMODBELKCWJnj7oyo8oolbjyw_aem_QluYTYVkRyZ4I449o3q7og
2024-10-07,IDEA,0.28,0.28,0.26,0.05,0.05,0.03,0.01,http://www.ideaintezet.hu/hu/hirek-aktualis/125/a-tisza-a-fidesz-kdnp-nyakan--negy-parlamenti-part-0-szazalekon
2024-09-10,Medián,0.3,0.3,0.25,0.02,0.04,0.04,0.01,https://hvg.hu/360/20240911_Median-meres-Gyorsabban-fogy-a-Fidesz-elonye-mint-Orban-Viktor-Tisza-Magyar-Peter-DK
2024-09-06,IDEA,0.28,0.28,0.23,0.06,0.06,0.03,0.02,https://www.facebook.com/photo?fbid=836698345211480&set=a.508321001382551
2024-07-31,IDEA,0.31,0.28,0.22,0.05,0.04,0.03,0.02,https://www.facebook.com/photo/?fbid=819184690296179&set=a.508321001382551
2024-07-10,Medián,0.27,0.32,0.21,0.06,0.06,0.04,0.02,https://hvg.hu/360/20240718_hvg-median-ep-valasztas-fidesz-tisza-dk-gyurcsany
2024-07-08,Republikon,0.26,0.31,0.23,0.07,0.04,0.04,0.03,"https://republikon.hu/elemzesek,-kutatasok/24-07-15-kvk.aspx"
2024-06-27,IDEA,0.26,0.3,0.23,0.07,0.05,0.03,0.02,https://24.hu/belfold/2024/07/04/tisza-part-fidesz-idea-kozvelemeny-kutatas/
2024-06-05,Medián,0.29,0.35,0.19,0.07,0.03,0.03,0.02,https://hvg.hu/itthon/20240607_median-az-europai-parlamenti-valasztas-biztos-magyarorszagi-gyoztese-a-fidesz-kdnp
2024-06-02,ZRI,0.24,0.31,0.19,0.09,0.03,0.02,0.04,https://telex.hu/belfold/2024/06/04/zavecz-kutatas-ep-valasztas-fidesz-tisza-part-dk-tamogatottsaga
2024-05-29,Medián,0.31,0.32,0.19,0.04,0.04,0.03,0.04,https://hvg.hu/itthon/20240530_median-a-tisza-tovabb-erosodott-de-a-fidesz-is
2024-05-29,IDEA,0.29,0.31,0.18,0.09,0.04,0.03,0.03,https://24.hu/belfold/2024/06/05/idea-intezet-valasztas-partpreferencia-kutatas-fidesz-tisza/
2024-05-10,ZRI,0.24,0.28,0.19,0.12,0.04,0.02,0.04,https://rtl.hu/europa/2024/05/14/zavecz-ep-valasztas-kozvelemeny-kutatas-fidesz-tisza-part-dk
2024-05-04,IDEA,0.31,0.27,0.14,0.12,0.03,0.04,0.03,http://www.ideaintezet.hu/hu/hirek-aktualis/121/harom-part-a-parlamenti-bejutasi-kuszob-folott
2024-05-04,IDEA,0.25,0.27,0.15,0.13,0.04,0.04,0.03,http://www.ideaintezet.hu/hu/hirek-aktualis/121/harom-part-a-parlamenti-bejutasi-kuszob-folott
2024-04-30,Publicus,0.34,0.24,0.14,0.16,0.03,0.02,0.02,https://publicus.hu/blog/partok-tamogatottsaga-2024-aprilis/
2024-04-30,Publicus,0.29,0.3,0.16,0.16,0.03,0.02,0.02,https://publicus.hu/blog/ep-fej-fej-mellett-a-tisza-part-es-a-dk-mszp-parbeszed-zoldek/
2024-04-30,Publicus,0.18,0.33,0.16,0.2,0.03,0.02,0.03,https://publicus.hu/blog/partok-tamogatottsaga-2024-aprilis/
2024-04-29,Medián,0.27,0.32,0.17,0.06,0.04,0.05,0.03,https://hvg.hu/360/20240430_hvg-median-ep-onkormanyzati-valasztas-magyar-peter-tisza-part-fidesz-ellenzek
2024-04-26,Republikon,0.19,0.27,0.14,0.19,0.05,0.05,0.04,"http://republikon.hu/elemzesek,-kutatasok/24-05-03_kvk-aprilis.aspx"
2024-04-19,Iránytű,0.44,0.27,0.13,0.05,0.03,0.03,0.01,http://iranytuintezet.hu/elemzesek-kutatasok/mind/259-kik-a-tisza-part-szavazoi---az-iranytu-intezet-orszagos-kozvelemeny-kutatasa/
2024-04-11,ZRI,0.32,0.25,0.0,0.16,0.05,0.05,0.05,https://24.hu/belfold/2024/04/22/ep-valasztas-2024-kampany-felmeres-kutatas-zavecz-fidesz-magyar-peter-dk-parbeszed-mszp/
2024-04-11,ZRI,0.25,0.25,0.11,0.18,0.06,0.05,0.05,https://24.hu/belfold/2024/04/22/ep-valasztas-2024-kampany-felmeres-kutatas-zavecz-fidesz-magyar-peter-dk-parbeszed-mszp/
2024-04-08,IDEA,0.33,0.25,0.0,0.13,0.04,0.04,0.04,http://www.ideaintezet.hu/hu/hirek-aktualis/120/a-kormanypartok-es-az-ellenzeki-partok-tamogatottsaga-is-csokkent-az-utobbi-idoszakban#top
2024-04-02,Republikon,0.27,0.26,0.0,0.18,0.06,0.05,0.05,"http://republikon.hu/elemzesek,-kutatasok/24-04-05_kvk.aspx"
2024-04-02,Republikon,0.24,0.25,0.11,0.17,0.06,0.04,0.03,"http://republikon.hu/elemzesek,-kutatasok/24-04-05_kvk.aspx"
2024-03-09,Medián,0.29,0.32,0.0,0.1,0.06,0.08,0.05,https://m.hvg.hu/360/20240313_median
2024-03-12,IDEA,0.33,0.26,0.0,0.15,0.05,0.05,0.05,https://www.facebook.com/ideaintezet/posts/pfbid0kazobzUJC9u4jD1AbifpWF3Psi9uRWeigNe5nphCM5GFyPRsCMeKCpBNuh1VZsfzl
2024-03-09,ZRI,0.32,0.29,0.0,0.17,0.06,0.03,0.05,https://24.hu/belfold/2024/03/14/fidesz-ellenzek-valasztas-2024-zavecz-kutatas-tamogatottsag/
2024-02-28,Republikon,0.29,0.26,0.0,0.17,0.06,0.06,0.06,"http://republikon.hu/elemzesek,-kutatasok/23-03-11_havi-kutatas.aspx"
2024-02-26,21 Kutató,0.32,0.3,0.0,0.12,0.05,0.06,0.05,https://24.hu/belfold/2024/03/01/21-kutatokozpont-fidesz-kegyelmi-ugy-ellenzek-ep-valasztas/
2024-02-09,IDEA,0.34,0.27,0.0,0.16,0.06,0.05,0.05,http://www.ideaintezet.hu/hu/hirek-aktualis/118/a-kegyelmi-ugy-akkor-erte-a-kormanypartokat--amikor-elkezdtek-kilabalni-nepszerusegvesztesukbol
2024-01-20,Republikon,0.34,0.28,0.0,0.17,0.06,0.05,0.05,"http://republikon.hu/elemzesek,-kutatasok/24-01-26-kvk.aspx"
2024-01-11,Medián,0.37,0.32,0.0,0.08,0.05,0.05,0.04,https://hvg.hu/360/20240124_hvg_onkormanyzati_valasztas_median_fidesz_ellenzek_momentum_dk_kozvelemenykutatas_epvalasztas
2024-01-08,IDEA,0.37,0.26,0.0,0.15,0.06,0.04,0.05,https://www.facebook.com/ideaintezet/posts/pfbid07p5whdi7DLgYb4SuvY2gnad3LwdVfApEBtWjjVDH8vJSumbWugVzWZGDTpkTSQXCl
2023-12-15,Publicus,0.36,0.25,0.0,0.19,0.03,0.03,0.04,https://publicus.hu/blog/partok-tamogatottsaga-2023-december/
2023-12-15,Publicus,0.24,0.33,0.0,0.22,0.03,0.03,0.05,https://publicus.hu/blog/partok-tamogatottsaga-2023-december/
2023-12-13,IDEA,0.37,0.26,0.0,0.15,0.06,0.05,0.05,https://www.facebook.com/ideaintezet/posts/pfbid0cWS17MZbfKr6e5TVCYYBbaqhwaKpymXxjeoFYcJAZuFatrYjwEtxXbUXYg954PUHl
2023-11-24,Republikon,0.34,0.29,0.0,0.16,0.06,0.05,0.05,"http://republikon.hu/elemzesek,-kutatasok/23-12-06-kvk.aspx"
2023-11-16,IDEA,0.38,0.26,0.0,0.15,0.06,0.04,0.05,https://www.facebook.com/ideaintezet/posts/pfbid0ZC6cKzSracDeE8wESq7G1UzEaFco2N74kyVX3pthRhG7JnASBoVunw1mgKKLMJGSl
2023-11-08,ZRI,0.25,0.32,0.0,0.19,0.06,0.03,0.05,https://24.hu/belfold/2023/11/15/zavecz-kozvelemeny-kutatas-partok-tamogatottsaga-fidesz-ellenzek-budapest-videk/
2023-11-08,ZRI,0.2,0.34,0.0,0.0,0.06,0.04,0.0,https://szocialis.eu/zavecz_2023_11.pdf
2023-10-24,Republikon,0.33,0.29,0.0,0.16,0.07,0.05,0.05,"http://republikon.hu/elemzesek,-kutatasok/23-11-07-kvk.aspx"
2023-10-13,IDEA,0.37,0.27,0.0,0.15,0.06,0.04,0.05,http://www.ideaintezet.hu/hu/hirek-aktualis/113/egyelore-megallt-a-fidesz-tamogatottsaga-----2023--oktober
2023-09-27,Medián,0.34,0.3,0.0,0.08,0.07,0.06,0.04,https://hvg.hu/360/20231004_Median_partok_partpreferenciak_kozvelemenykutatas_onkormanyzati_valasztasok_EPvalasztas
2023-09-25,Republikon,0.32,0.29,0.0,0.16,0.07,0.06,0.06,"http://republikon.hu/elemzesek,-kutatasok/23-10-09-kvk.aspx"
2023-09-18,ZRI,0.3,0.3,0.0,0.17,0.07,0.04,0.05,https://www.zaveczresearch.hu/a-mi-hazank-es-a-kutyapart-voltak-az-idei-nyar-nyertesei/
2023-09-07,Publicus,0.4,0.27,0.0,0.16,0.03,0.03,0.04,https://publicus.hu/blog/tizbol-het-ellenzeki-szerint-a-kozos-listaval-jobb-eredmenyt-lehet-elerni-az-europai-parlamenti-valasztason/
2023-09-07,Publicus,0.29,0.33,0.0,0.0,0.03,0.02,0.0,https://publicus.hu/blog/tizbol-het-ellenzeki-szerint-a-kozos-listaval-jobb-eredmenyt-lehet-elerni-az-europai-parlamenti-valasztason/
2023-09-07,Publicus,0.27,0.34,0.0,0.18,0.04,0.04,0.05,https://publicus.hu/blog/tizbol-het-ellenzeki-szerint-a-kozos-listaval-jobb-eredmenyt-lehet-elerni-az-europai-parlamenti-valasztason/
2023-09-07,Publicus,0.23,0.4,0.0,0.0,0.03,0.03,0.0,https://publicus.hu/blog/tizbol-het-ellenzeki-szerint-a-kozos-listaval-jobb-eredmenyt-lehet-elerni-az-europai-parlamenti-valasztason/
2023-09-08,IDEA,0.35,0.27,0.0,0.14,0.07,0.05,0.05,http://www.ideaintezet.hu/hu/hirek-aktualis/111/2023-szeptember--a-2022--aprilisi-3-a-ota-a-legalacsonyabb-mert-fidesz---kdnp-tamogatottsag-
2023-08-29,21 Kutató,0.31,0.28,0.0,0.13,0.07,0.05,0.06,https://21kutatokozpont.hu/wp-content/uploads/2021/11/eredmenyek_partpref.pdf
2023-08-23,Republikon,0.28,0.3,0.0,0.17,0.07,0.05,0.07,"http://republikon.hu/elemzesek,-kutatasok/23-09-08-havi-kutatas.aspx"
2023-08-09,IDEA,0.38,0.27,0.0,0.15,0.06,0.04,0.05,http://www.ideaintezet.hu/hu/hirek-aktualis/108/az-iden-eloszor-csokkent-a-fidesz-kdnp-tamogatottsaga------2023--augusztus
2023-07-25,Republikon,0.28,0.31,0.0,0.19,0.06,0.04,0.06,http://republikon.hu/media/125267/202307_partpreferencia-prezentacio.pdf
2023-07-19,IDEA,0.34,0.3,0.0,0.15,0.06,0.05,0.05,http://www.ideaintezet.hu/hu/hirek-aktualis/104/partpreferenciak--tartos-es-stabil-tamogatottsaggal-a-hata-mogott-nyaral-a-fidesz------2023-06-07-
2023-11-30,21 Kutató,0.26,0.33,0.0,0.13,0.07,0.05,0.04,https://24.hu/belfold/2024/03/01/21-kutatokozpont-fidesz-kegyelmi-ugy-ellenzek-ep-valasztas/
2023-06-23,Republikon,0.27,0.33,0.0,0.18,0.05,0.05,0.06,"http://republikon.hu/elemzesek,-kutatasok/23-06-28-kvk.aspx"
2023-06-10,IDEA,0.34,0.3,0.0,0.15,0.06,0.05,0.06,http://www.ideaintezet.hu/hu/hirek-aktualis/101/partpreferenciak--rendkivul-tartos-es-stabil-tamogatottsaggal-kezdi-a-fidesz-a-nyarat-----2023--junius
2023-05-31,Medián,0.29,0.32,0.0,0.11,0.06,0.08,0.05,https://hvg.hu/360/20230615_hvg_median_kozvelemeny_kutatas_fidesz_ellenzek_gazdasagi_valsag_EU
2023-06-30,Iránytű,0.28,0.35,0.0,0.11,0.06,0.07,0.06,https://www.facebook.com/iranytuintezet/posts/pfbid0D1846aiZk4px5EdkcbGRjxvoKQXXoJm8xQ3YjaeA8bJjSMZgkrR8Q8u5pAv6Ka2Tl
2023-05-19,IDEA,0.35,0.3,0.0,0.15,0.06,0.05,0.05,http://ideaintezet.hu/hu/hirek-aktualis/100/negy-eve-majdnem-ugyanigy-allt-a-fidesz------2023--majus
2023-05-05,ZRI,0.31,0.32,0.0,0.18,0.05,0.02,0.05,https://telex.hu/belfold/2023/05/17/zavecz-kutatas-europai-parlament-valasztas-partok
2023-05-05,ZRI,0.28,0.32,0.0,0.18,0.06,0.03,0.05,https://telex.hu/belfold/2023/05/10/zavecz-research-partpreferencia-fidesz-dk-mi-hazank-momentum-jobbik
2023-04-28,Republikon,0.3,0.34,0.0,0.16,0.05,0.03,0.05,"http://republikon.hu/elemzesek,-kutatasok/23-05-15-aprilisi-kutatas.aspx"
2023-04-13,IDEA,0.37,0.3,0.0,0.14,0.06,0.04,0.05,https://telex.hu/belfold/2023/04/20/idea-intezet-partpreferencia-marcius-aprilis-kutatas
2023-03-24,Republikon,0.28,0.34,0.0,0.18,0.06,0.03,0.06,http://republikon.hu/media/122711/202303_prez_partpreferencia.pdf
2023-03-30,Századvég,0.12,0.42,0.0,0.0,0.09,0.11,0.0,https://szazadveg.hu/hu/2023/03/31/stabil-kormanyparti-foleny-erotlen-baloldal~n3647
2023-03-30,Századvég,0.12,0.4,0.0,0.11,0.09,0.11,0.08,https://szazadveg.hu/hu/2023/03/31/stabil-kormanyparti-foleny-erotlen-baloldal~n3647
2023-03-16,IDEA,0.38,0.29,0.0,0.14,0.06,0.04,0.05,http://www.ideaintezet.hu/hu/hirek-aktualis/96/negy--egyszazalekos-tamogatottsagu-mikropart-az-ellenzeki-oldalon------2023--marcius
2023-03-08,ZRI,0.29,0.32,0.0,0.17,0.07,0.02,0.06,https://24.hu/belfold/2023/03/13/zavecz-kozvelemeny-kutatas-partpreferencia-fidesz-dk-mi-hazank/
2023-02-27,Medián,0.27,0.35,0.0,0.11,0.05,0.07,0.06,https://hvg.hu/360/20230308_Median_Kutyafuttatas
2023-03-31,Iránytű,0.28,0.35,0.0,0.1,0.06,0.06,0.05,https://drive.google.com/file/d/1QYQE7v3D5bEgR1GSESng0ABbOKuE0X64/view?fbclid=IwAR0zL_XJhBS5UiHN0glzw74vrP_UMtrci5J9-iW19RkVT4pnBAm4Q8wG7jw
2023-02-15,Republikon,0.31,0.33,0.0,0.2,0.05,0.02,0.04,"http://republikon.hu/elemzesek,-kutatasok/23-02-22-kvk.aspx"
2023-02-15,IDEA,0.36,0.29,0.0,0.15,0.07,0.03,0.04,http://www.ideaintezet.hu/hu/hirek-aktualis/93/lelektani-hatar-ala-sullyedt-a-fidesz-tamogatottsaga-----2023--februar-
2023-01-11,IDEA,0.34,0.31,0.0,0.16,0.06,0.04,0.04,http://www.ideaintezet.hu/hu/hirek-aktualis/91/beragadt-preferenciak-az-ev-elejen------2023--januar-
2023-01-06,Republikon,0.3,0.32,0.0,0.2,0.06,0.02,0.04,"http://republikon.hu/elemzesek,-kutatasok/23-01-13-kvk.aspx"
2023-01-04,Nézőpont,0.07,0.48,0.0,0.08,0.05,0.04,0.03,https://nezopont.hu/a-fidesz-nyerne-az-ep-mandatumok-haromnegyedet/
2022-12-16,Publicus,0.39,0.28,0.0,0.13,0.02,0.03,0.04,https://publicus.hu/blog/partok-tamogatottsaga-2022-december/
2022-12-16,Publicus,0.23,0.36,0.0,0.16,0.03,0.03,0.05,https://publicus.hu/blog/partok-tamogatottsaga-2022-december/
2022-12-15,Medián,0.3,0.32,0.0,0.1,0.07,0.06,0.06,https://hvg.hu/360/20230104_Nincs_ok_unneplesre
2022-12-12,IDEA,0.32,0.31,0.0,0.16,0.07,0.04,0.04,http://www.ideaintezet.hu/hu/hirek-aktualis/89/ugyanakkora-a-fidesz-tamogatottsaga--mint-egy-evvel-korabban------2022--december-eleje
2022-11-28,Republikon,0.27,0.34,0.0,0.19,0.07,0.03,0.04,"http://republikon.hu/elemzesek,-kutatasok/22-12-05-kvk-november.aspx"
2022-11-22,ZRI,0.3,0.33,0.0,0.16,0.06,0.03,0.04,http://www.zaveczresearch.hu/#
2022-11-30,Publicus,0.25,0.4,0.0,0.0,0.0,0.0,0.0,https://publicus.hu/blog/partok-tamogatottsaga-2022-december/
2022-11-13,21 Kutató,0.32,0.33,0.0,0.11,0.06,0.04,0.05,https://21kutatokozpont.hu/wp-content/uploads/2021/11/Partpreferencia.pdf
2022-11-08,IDEA,0.33,0.32,0.0,0.15,0.07,0.03,0.04,http://www.ideaintezet.hu/hu/hirek-aktualis/88/megallt-a-partpreferenciak-jelentosebb-mozgasa------2022--november-
2022-10-24,Republikon,0.28,0.35,0.0,0.17,0.07,0.02,0.06,"http://republikon.hu/elemzesek,-kutatasok/22-10-28-kvk-okt.aspx"
2022-10-21,Medián,0.23,0.39,0.0,0.11,0.07,0.07,0.05,https://hvg.hu/360/20221102_Sok_kicsi_kevesre_megy
2022-10-30,Publicus,0.25,0.4,0.0,0.0,0.0,0.0,0.0,https://publicus.hu/blog/partok-tamogatottsaga-2022-december/
2022-10-09,IDEA,0.37,0.3,0.0,0.14,0.07,0.03,0.04,http://www.ideaintezet.hu/hu/hirek-aktualis/87/ujra-van-olyan-ellenzeki-part--melynek-tamogatottsaga-kettessel-kezdodik-es-ketszamjegyu
2022-09-22,ZRI,0.26,0.37,0.0,0.16,0.06,0.02,0.05,https://szocialis.eu/kvk202209.pdf
2022-09-30,Publicus,0.24,0.41,0.0,0.0,0.0,0.0,0.0,https://publicus.hu/blog/partok-tamogatottsaga-2022-december/
2022-09-09,IDEA,0.33,0.32,0.0,0.14,0.08,0.04,0.04,http://www.ideaintezet.hu/hu/hirek-aktualis/86/a-kampany-alatt-megszerzett-szavazok-eltuntek-a-fidesz-mogul------2022--szeptember-eleje
2022-08-31,Nézőpont,0.11,0.47,0.0,0.07,0.06,0.04,0.05,https://nezopont.hu/a-fidesz-es-a-baloldal-is-gyengult-nyaron/
2022-08-30,Publicus,0.42,0.28,0.0,0.0,0.02,0.03,0.0,https://publicus.hu/blog/partok-tamogatottsaga-2022-augusztus/
2022-08-30,Publicus,0.42,0.28,0.0,0.1,0.02,0.03,0.04,https://publicus.hu/blog/partok-tamogatottsaga-2022-augusztus/
2022-08-30,Publicus,0.26,0.36,0.0,0.0,0.03,0.03,0.0,https://publicus.hu/blog/partok-tamogatottsaga-2022-augusztus/
2022-08-30,Publicus,0.26,0.36,0.0,0.14,0.03,0.03,0.05,https://publicus.hu/blog/partok-tamogatottsaga-2022-augusztus/
2022-08-07,IDEA,0.32,0.35,0.0,0.13,0.07,0.03,0.04,http://www.ideaintezet.hu/hu/hirek-aktualis/85/2021--ev-vegi-szintre-csokkent-a-fidesz-tamogatottsaga------2022--augusztus-eleje
2022-07-22,Publicus,0.46,0.24,0.0,0.0,0.03,0.03,0.0,https://publicus.hu/blog/partok-tamogatottsaga-2022-julius/
2022-07-22,Publicus,0.46,0.24,0.0,0.11,0.03,0.03,0.03,https://publicus.hu/blog/partok-tamogatottsaga-2022-julius/
2022-07-22,Publicus,0.29,0.32,0.0,0.0,0.04,0.03,0.0,https://publicus.hu/blog/partok-tamogatottsaga-2022-julius/
2022-07-22,Publicus,0.29,0.32,0.0,0.13,0.04,0.03,0.05,https://publicus.hu/blog/partok-tamogatottsaga-2022-julius/
2022-07-20,IDEA,0.29,0.37,0.0,0.13,0.07,0.03,0.04,http://www.ideaintezet.hu/hu/hirek-aktualis/84/elkezdodott-a-fidesz-peremszavazoinak-lassu-lecsatlakozasa
2022-06-30,Publicus,0.32,0.36,0.0,0.0,0.0,0.0,0.0,https://publicus.hu/blog/partok-tamogatottsaga-2022-julius/
2022-05-31,Publicus,0.33,0.37,0.0,0.0,0.0,0.0,0.0,https://publicus.hu/blog/partok-tamogatottsaga-2022-julius/
2022-05-09,IDEA,0.23,0.43,0.0,0.12,0.07,0.03,0.05,http://www.ideaintezet.hu/hu/hirek-aktualis/83/fidesz--dk--mi-hazank-a-sorrend-az-idea-intezet-valasztas-utani-elso-mereseben---2022--majus-eleje
2022-05-04,ZRI,0.2,0.46,0.0,0.14,0.05,0.02,0.05,https://hvg.hu/itthon/20220513_zavecz_kozvelemenykutatas
2022-05-04,ZRI,0.19,0.47,0.0,0.0,0.05,0.02,0.0,https://hvg.hu/itthon/20220513_zavecz_kozvelemenykutatas
2022-04-30,Medián,0.15,0.48,0.0,0.1,0.08,0.05,0.06,https://hvg.hu/360/20220511_Az_emlek_mas
2022-04-24,Republikon,0.22,0.43,0.0,0.17,0.03,0.01,0.07,"http://republikon.hu/elemzesek,-kutatasok/22-05-10-kvk-aprilis.aspx"
2022-03-31,Publicus,0.27,0.35,0.0,0.0,0.02,0.01,0.0,https://publicus.hu/blog/partok-tamogatottsaga-2022-marcius-vege/
2022-03-28,IDEA,0.14,0.41,0.0,0.0,0.03,0.02,0.0,http://ideaintezet.hu/hu/hirek-aktualis/82/zarult--de-nem-csukodott-be-az-fidesz---ellenzek-ollo---2022--marcius-vege
2022-03-26,Medián,0.2,0.4,0.0,0.0,0.03,0.04,0.0,https://hvg.hu/360/20220330_Median_valasztas_2022_Fidesz_ellenzek_mandatumbecsles_kozvelemeny_kutatas
2022-03-27,ZRI,0.19,0.39,0.0,0.0,0.03,0.02,0.0,https://24.hu/belfold/2022/03/29/fidesz-kozos-ellenzek-zavecz-kozvelemeny-kutatas-biztos-szavazok/
2022-03-25,Publicus,0.3,0.34,0.0,0.0,0.02,0.01,0.0,https://azonnali.hu/cikk/20220329_publicus-szorosnak-igerkezik-a-vasarnapi-valasztas
2022-03-25,Publicus,0.15,0.41,0.0,0.0,0.02,0.02,0.0,https://azonnali.hu/cikk/20220329_publicus-szorosnak-igerkezik-a-vasarnapi-valasztas
2022-03-18,Republikon,0.16,0.41,0.0,0.0,0.03,0.01,0.0,"http://republikon.hu/elemzesek,-kutatasok/22-03-23-kvk-marcius.aspx"
2022-03-11,Publicus,0.32,0.33,0.0,0.0,0.02,0.01,0.0,https://publicus.hu/blog/partok-tamogatottsaga-2022-marcius-eleje/
2022-03-11,IDEA,0.23,0.38,0.0,0.17,0.03,0.03,0.05,http://www.ideaintezet.hu/hu/hirek-aktualis/79/az-ellenzek-es-a-fidesz-is-erosodott-az-orosz-agresszioval-kitort-haboru-ota------2022--marcius
2022-03-11,IDEA,0.17,0.4,0.0,0.0,0.03,0.02,0.0,http://www.ideaintezet.hu/hu/hirek-aktualis/79/az-ellenzek-es-a-fidesz-is-erosodott-az-orosz-agresszioval-kitort-haboru-ota------2022--marcius
2022-02-26,Medián,0.2,0.39,0.0,0.0,0.04,0.03,0.0,https://hvg.hu/360/20220302_Median_felmeres_kozvelemenykutatas
2022-02-24,Republikon,0.16,0.4,0.0,0.0,0.03,0.02,0.0,"http://republikon.hu/elemzesek,-kutatasok/22-03-01-kvk-feb.aspx"
2022-02-14,Publicus,0.3,0.32,0.0,0.0,0.02,0.01,0.0,https://publicus.hu/blog/partok-tamogatottsaga-2022-februar/
2022-02-10,ZRI,0.22,0.38,0.0,0.19,0.03,0.02,0.04,https://telex.hu/belfold/2022/02/14/zavecz-szuk-kormanyparti-elony-februarban
2022-02-10,ZRI,0.2,0.38,0.0,0.0,0.03,0.02,0.0,https://telex.hu/belfold/2022/02/14/zavecz-szuk-kormanyparti-elony-februarban
2022-02-09,IDEA,0.24,0.37,0.0,0.16,0.04,0.03,0.06,https://ideaintezet.hu/hu/hirek-aktualis/78/attores-nelkuli-tamogatottsag-mozgasok---2022--februar
2022-02-09,IDEA,0.2,0.38,0.0,0.0,0.05,0.02,0.0,https://ideaintezet.hu/hu/hirek-aktualis/78/attores-nelkuli-tamogatottsag-mozgasok---2022--februar
2022-01-24,Republikon,0.14,0.41,0.0,0.0,0.02,0.03,0.0,"http://republikon.hu/elemzesek,-kutatasok/22-01-28-kvk-jan.aspx"
2022-01-31,Publicus,0.3,0.33,0.0,0.0,0.02,0.01,0.0,https://publicus.hu/blog/partok-tamogatottsaga-2022-februar/
2022-01-14,IDEA,0.25,0.37,0.0,0.17,0.03,0.03,0.06,http://www.ideaintezet.hu/hu/hirek-aktualis/77/kismerteku--de-fontos-valtozasok-a-preferenciakban------2022--januar
2022-01-14,IDEA,0.18,0.39,0.0,0.0,0.03,0.02,0.0,http://www.ideaintezet.hu/hu/hirek-aktualis/77/kismerteku--de-fontos-valtozasok-a-preferenciakban------2022--januar
2021-12-23,Real-PR 93,0.17,0.43,0.0,0.0,0.0,0.0,0.0,https://www.facebook.com/realpr93/posts/262502752660917
2021-12-14,Republikon,0.24,0.33,0.0,0.19,0.03,0.02,0.07,"http://republikon.hu/elemzesek,-kutatasok/21-12-20-kvk-dec.aspx"
2021-12-11,Iránytű,0.14,0.4,0.0,0.13,0.05,0.06,0.07,https://index.hu/belfold/2021/12/20/az-index-megszerezte-a-kozvelemeny-kutatas-reszleteit-amely-felkavarta-az-allovizet-az-ellenzekben/
2021-12-11,Iránytű,0.12,0.46,0.0,0.0,0.05,0.04,0.0,https://index.hu/belfold/2021/12/20/az-index-megszerezte-a-kozvelemeny-kutatas-reszleteit-amely-felkavarta-az-allovizet-az-ellenzekben/
2021-12-13,ZRI,0.22,0.37,0.0,0.2,0.02,0.01,0.05,https://telex.hu/valasztas-2022/2021/12/22/zavecz-research-intezed-december-eleji-kotvelemeny-kutatas-szoros-verseny
2021-12-13,ZRI,0.2,0.38,0.0,0.0,0.0,0.0,0.0,https://telex.hu/valasztas-2022/2021/12/22/zavecz-research-intezed-december-eleji-kotvelemeny-kutatas-szoros-verseny
2021-12-13,IDEA,0.26,0.35,0.0,0.17,0.03,0.03,0.07,http://www.ideaintezet.hu/hu/hirek-aktualis/75/az-ellenzek-elcsendesedett-november-vegere-2021--november-december
2021-12-13,IDEA,0.17,0.38,0.0,0.0,0.04,0.03,0.0,http://www.ideaintezet.hu/hu/hirek-aktualis/75/az-ellenzek-elcsendesedett-november-vegere-2021--november-december
2021-12-07,Medián,0.13,0.39,0.0,0.0,0.07,0.07,0.0,https://hvg.hu/360/20211229_Median_Az_emberek_ketharmada_Orban_maradasara_szamit
2021-11-30,Publicus,0.31,0.32,0.0,0.0,0.0,0.0,0.0,https://publicus.hu/blog/partok-tamogatottsaga-2021-november/
2021-11-30,Publicus,0.3,0.31,0.0,0.11,0.0,0.01,0.04,https://publicus.hu/blog/partok-tamogatottsaga-2021-november/
2021-11-30,Publicus,0.18,0.37,0.0,0.12,0.0,0.0,0.05,https://publicus.hu/blog/partok-tamogatottsaga-2021-november/
2021-11-23,Republikon,0.26,0.31,0.0,0.19,0.02,0.03,0.06,"http://republikon.hu/elemzesek,-kutatasok/21-12-02-kvk-nov.aspx"
2021-11-24,ZRI,0.21,0.37,0.0,0.2,0.02,0.02,0.05,http://www.zaveczresearch.hu
2021-11-24,ZRI,0.17,0.39,0.0,0.0,0.0,0.0,0.0,https://telex.hu/belfold/2021/12/03/zavecz-szuken-de-vezet-az-ellenzek
2021-11-12,ZRI,0.14,0.37,0.0,0.0,0.03,0.03,0.0,https://hvg.hu/itthon/20211117_zavecz_kutatas_fidesz_ellenzek_lmp
2021-11-12,ZRI,0.14,0.37,0.0,0.24,0.04,0.04,0.05,https://hvg.hu/itthon/20211117_zavecz_kutatas_fidesz_ellenzek_lmp
2021-11-05,IDEA,0.26,0.34,0.0,0.17,0.03,0.03,0.07,http://www.ideaintezet.hu/hu/hirek-aktualis/74/elmult-az-ellenzeki-elovalasztas-kozvetlen-hatasa------2021--november
2021-11-05,IDEA,0.16,0.38,0.0,0.0,0.04,0.02,0.0,http://www.ideaintezet.hu/hu/hirek-aktualis/74/elmult-az-ellenzeki-elovalasztas-kozvetlen-hatasa------2021--november
2021-10-29,Republikon,0.24,0.32,0.0,0.2,0.02,0.02,0.07,"http://republikon.hu/elemzesek,-kutatasok/21-11-08-kvk-okt.aspx"
2021-10-21,Real-PR 93,0.1,0.46,0.0,0.0,0.0,0.0,0.0,https://www.facebook.com/realpr93/posts/207310118180181
2021-10-19,ZRI,0.25,0.34,0.0,0.21,0.01,0.01,0.04,https://telex.hu/belfold/2021/10/27/zavecz-kozvelemeny-kutatas-oktober-ellenzeki-lista-4-szazalekpont-elony-fidesz
2021-10-19,ZRI,0.23,0.35,0.0,0.0,0.0,0.0,0.0,https://telex.hu/belfold/2021/10/27/zavecz-kozvelemeny-kutatas-oktober-ellenzeki-lista-4-szazalekpont-elony-fidesz
2021-10-11,Századvég,0.07,0.45,0.0,0.0,0.03,0.05,0.0,https://szazadveg.hu/hu/2021/10/15/a-valasztok-kozel-ketharmada-a-fidesz-kdnp-gyozelmere-szamit-2022-ben~n2073
2021-10-09,IDEA,0.27,0.33,0.0,0.19,0.03,0.02,0.06,http://ideaintezet.hu/hu/hirek-aktualis/73/az-elovalasztas-masodik-forduloja-elott-nyiltta-valt-a-verseny-az-ellenzek-es-a-fidesz-kozott-
2021-10-09,IDEA,0.16,0.38,0.0,0.0,0.03,0.02,0.0,http://ideaintezet.hu/hu/hirek-aktualis/73/az-elovalasztas-masodik-forduloja-elott-nyiltta-valt-a-verseny-az-ellenzek-es-a-fidesz-kozott-
2021-10-04,Publicus,0.31,0.29,0.0,0.11,0.01,0.01,0.04,https://publicus.hu/blog/partok-tamogatottsaga-2021-oktober/
2021-10-04,Publicus,0.18,0.35,0.0,0.12,0.01,0.0,0.05,https://publicus.hu/blog/partok-tamogatottsaga-2021-oktober/
2021-10-04,Republikon,0.22,0.34,0.0,0.21,0.01,0.02,0.07,"http://republikon.hu/elemzesek,-kutatasok/21-10-08-szept-kvk.aspx"
2021-10-04,Medián,0.17,0.37,0.0,0.0,0.04,0.05,0.0,https://hvg.hu/360/20211013_Partos_partatlan_Valasztasi_szonda
2021-10-04,Medián,0.16,0.36,0.0,0.11,0.04,0.06,0.06,https://hvg.hu/360/20211013_Partos_partatlan_Valasztasi_szonda
2021-09-20,ZRI,0.26,0.35,0.0,0.17,0.01,0.01,0.04,https://telex.hu/belfold/2021/09/28/budapesten-ketszer-erosebb-az-ellenzek-mint-a-kormanypartok
2021-09-20,ZRI,0.22,0.37,0.0,0.0,0.0,0.0,0.0,https://telex.hu/belfold/2021/09/28/budapesten-ketszer-erosebb-az-ellenzek-mint-a-kormanypartok
2021-09-07,IDEA,0.26,0.34,0.0,0.18,0.03,0.03,0.05,http://www.ideaintezet.hu/hu/hirek-aktualis/71/beindulo-kampany--koncentralodo-szavazok-----2021--szeptember
2021-09-07,IDEA,0.17,0.38,0.0,0.0,0.03,0.02,0.0,http://www.ideaintezet.hu/hu/hirek-aktualis/71/beindulo-kampany--koncentralodo-szavazok-----2021--szeptember
2021-08-26,Republikon,0.24,0.34,0.0,0.19,0.01,0.01,0.06,"http://republikon.hu/elemzesek,-kutatasok/21-09-01-kvk.aspx"
2021-08-25,Nézőpont,0.11,0.45,0.0,0.0,0.0,0.0,0.0,https://nezopont.hu/a-fidesz-nyerte-meg-az-augusztust/
2021-08-19,ZRI,0.25,0.35,0.0,0.19,0.01,0.01,0.05,https://hvg.hu/itthon/20210826_Zavecz_ellenzek_fidesz_felmeres
2021-08-19,ZRI,0.22,0.37,0.0,0.0,0.0,0.0,0.0,https://hvg.hu/itthon/20210826_Zavecz_ellenzek_fidesz_felmeres
2021-08-01,IDEA,0.28,0.33,0.0,0.11,0.03,0.03,0.06,http://www.ideaintezet.hu/hu/hirek-aktualis/69/megallt-a-jobbik-eloretorese-a-nyar-derekan------2021--julius
2021-08-01,IDEA,0.17,0.37,0.0,0.0,0.04,0.03,0.0,http://www.ideaintezet.hu/hu/hirek-aktualis/69/megallt-a-jobbik-eloretorese-a-nyar-derekan------2021--julius
2021-07-28,Nézőpont,0.17,0.41,0.0,0.0,0.0,0.0,0.0,https://nezopont.hu/a-fidesz-nyerte-meg-az-augusztust/
2021-07-22,Republikon,0.26,0.35,0.0,0.12,0.01,0.01,0.06,http://republikon.hu/3509.aspx
2021-07-04,IDEA,0.3,0.32,0.0,0.1,0.03,0.03,0.05,http://www.ideaintezet.hu/hu/hirek-aktualis/65/listak-versenyeben-a-biztos-szavazoknal-forditott-a-fidesz
2021-07-04,IDEA,0.19,0.36,0.0,0.0,0.04,0.03,0.0,http://www.ideaintezet.hu/hu/hirek-aktualis/65/listak-versenyeben-a-biztos-szavazoknal-forditott-a-fidesz
2021-06-28,Republikon,0.31,0.33,0.0,0.09,0.01,0.01,0.07,"http://republikon.hu/elemzesek,-kutatasok/21-07-02-kvk.aspx"
2021-06-16,ZRI,0.25,0.34,0.0,0.12,0.01,0.01,0.06,https://hvg.hu/itthon/20210624_Zavecz_junius_partpreferencia
2021-06-16,ZRI,0.21,0.37,0.0,0.0,0.0,0.0,0.0,https://hvg.hu/itthon/20210624_Zavecz_junius_partpreferencia
2021-06-09,Nézőpont,0.22,0.4,0.0,0.0,0.01,0.01,0.0,https://nezopont.hu/valtozatlan-fidesz-elony/
2021-06-08,Medián,0.27,0.36,0.0,0.07,0.03,0.05,0.05,https://hvg.hu/360/20210623_Median_Stabilizacio
2021-06-08,Medián,0.2,0.39,0.0,0.0,0.04,0.04,0.0,https://hvg.hu/360/20210623_Median_Stabilizacio
2021-06-08,IDEA,0.29,0.32,0.0,0.1,0.02,0.02,0.06,http://www.ideaintezet.hu/hu/hirek-aktualis/63/ellenzeki-vezetes-a-listak-versenyeben------2021--majus-junius
2021-06-08,IDEA,0.18,0.37,0.0,0.0,0.03,0.02,0.0,
2021-05-24,Republikon,0.33,0.32,0.0,0.08,0.01,0.01,0.07,"http://republikon.hu/elemzesek,-kutatasok/21-05-29-kvk.aspx"
2021-05-21,Publicus,0.31,0.29,0.0,0.09,0.01,0.01,0.06,https://publicus.hu/blog/partok-tamogatottsaga-es-az-elovalasztas-2021-majus/
2021-05-21,Publicus,0.21,0.36,0.0,0.0,0.01,0.01,0.0,https://nepszava.hu/3121613_ertelem-es-erzelem-felporgott-a-kampany-az-ellenzeki-terfelen
2021-05-21,Publicus,0.2,0.34,0.0,0.1,0.01,0.01,0.07,https://publicus.hu/blog/partok-tamogatottsaga-es-az-elovalasztas-2021-majus/
2021-05-17,ZRI,0.23,0.34,0.0,0.11,0.01,0.01,0.06,https://telex.hu/belfold/2021/05/21/zavecz-felmeres-partok-tamogatottsaga-fidesz-ellenzeki-partok
2021-05-17,ZRI,0.18,0.38,0.0,0.0,0.0,0.0,0.0,https://telex.hu/belfold/2021/05/21/zavecz-felmeres-partok-tamogatottsaga-fidesz-ellenzeki-partok
2021-05-04,IDEA,0.31,0.31,0.0,0.1,0.02,0.02,0.06,http://ideaintezet.hu/hu/hirek-aktualis/58/rendkivul-kielezett-verseny-a-politikai-tombok-kozott-2021--majus-elejen-
2021-05-04,IDEA,0.21,0.35,0.0,0.0,0.03,0.02,0.0,http://ideaintezet.hu/hu/hirek-aktualis/58/rendkivul-kielezett-verseny-a-politikai-tombok-kozott-2021--majus-elejen-
2021-04-28,Nézőpont,0.22,0.4,0.0,0.0,0.02,0.02,0.0,https://nezopont.hu/nott-a-fidesz-elonye/
2021-04-28,Publicus,0.32,0.31,0.0,0.08,0.01,0.01,0.05,https://publicus.hu/blog/partok-tamogatottsaga-es-az-elovalasztas-2021-aprilis/
2021-04-28,Publicus,0.22,0.37,0.0,0.0,0.0,0.01,0.0,https://nepszava.hu/3118685_szoros-a-csata-de-tarol-a-tarsashazakban-az-ellenzek
2021-04-28,Publicus,0.21,0.35,0.0,0.1,0.01,0.01,0.06,https://publicus.hu/blog/partok-tamogatottsaga-es-az-elovalasztas-2021-aprilis/
2021-04-23,Republikon,0.32,0.31,0.0,0.09,0.01,0.01,0.08,"http://republikon.hu/elemzesek,-kutatasok/21-04-30-kvk.aspx"
2021-04-17,ZRI,0.26,0.34,0.0,0.11,0.01,0.01,0.06,https://telex.hu/belfold/2021/04/22/partok-nepszerusegi-lista
2021-04-17,ZRI,0.21,0.37,0.0,0.0,0.0,0.0,0.0,https://telex.hu/belfold/2021/04/22/partok-nepszerusegi-lista
2021-04-10,Medián,0.28,0.35,0.0,0.07,0.01,0.04,0.08,https://hvg.hu/360/20210512_Median_Jarvanyban_eloz_a_Fidesz
2021-04-10,Medián,0.18,0.4,0.0,0.0,0.02,0.04,0.0,https://hvg.hu/360/20210512_Median_Jarvanyban_eloz_a_Fidesz
2021-03-31,IDEA,0.31,0.3,0.0,0.11,0.02,0.02,0.07,http://www.ideaintezet.hu/hu/hirek-aktualis/55/erosodo-jobbik-mellett-tovabbra-is-ellenzeki-foleny
2021-03-25,Publicus,0.31,0.3,0.0,0.09,0.0,0.0,0.06,https://publicus.hu/blog/partok-tamogatottsaga-es-az-elovalasztas-2021-majus/
2021-03-25,Republikon,0.34,0.29,0.0,0.09,0.01,0.01,0.09,http://republikon.hu/media/94017/21-04-01-kvk-republikon-prezentacio.pdf
2021-03-09,Nézőpont,0.22,0.38,0.0,0.0,0.02,0.02,0.0,https://nezopont.hu/fidesz-elony-az-aktivak-koreben-de-novekvo-bizonytalan-tabor/
2021-03-11,ZRI,0.27,0.33,0.0,0.11,0.02,0.01,0.06,http://www.zaveczresearch.hu/bovult-a-fidesz-es-a-jobbik-tabora-kielezett-maradt-a-verseny-a-kormanypartok-es-a-hatparti-ellenzek-kozott/
2021-03-11,ZRI,0.24,0.36,0.0,0.0,0.02,0.01,0.0,http://www.zaveczresearch.hu/bovult-a-fidesz-es-a-jobbik-tabora-kielezett-maradt-a-verseny-a-kormanypartok-es-a-hatparti-ellenzek-kozott/
2021-02-25,IDEA,0.29,0.31,0.0,0.12,0.02,0.02,0.07,http://ideaintezet.hu/hu/hirek-aktualis/53/stabil-az-ellenzeki-egyesitett-lista-elonye------2021--februar
2021-02-25,IDEA,0.18,0.36,0.0,0.0,0.03,0.02,0.0,http://ideaintezet.hu/hu/hirek-aktualis/53/stabil-az-ellenzeki-egyesitett-lista-elonye------2021--februar
2021-02-25,Publicus,0.33,0.29,0.0,0.08,0.01,0.01,0.05,https://publicus.hu/blog/partok-tamogatottsaga-2021-februar/
2021-02-25,Publicus,0.22,0.33,0.0,0.1,0.01,0.01,0.07,https://publicus.hu/blog/partok-tamogatottsaga-2021-februar/
2021-02-22,Medián,0.31,0.35,0.0,0.05,0.02,0.06,0.07,https://hvg.hu/360/20210512_Median_Jarvanyban_eloz_a_Fidesz
2021-02-22,Medián,0.21,0.39,0.0,0.0,0.03,0.07,0.0,https://hvg.hu/360/20210512_Median_Jarvanyban_eloz_a_Fidesz
2021-02-22,Republikon,0.33,0.3,0.0,0.1,0.01,0.01,0.09,http://republikon.hu/media/92634/21-03-02-kvk-republikon-kvk-prezentacio.pdf
2021-02-13,ZRI,0.32,0.31,0.0,0.1,0.01,0.02,0.06,https://24.hu/kozelet/2021/02/19/zavecz-research-feljott-a-partrangsor-3-helyere-a-jobbik/
2021-02-13,ZRI,0.23,0.36,0.0,0.0,0.0,0.0,0.0,https://24.hu/kozelet/2021/02/19/zavecz-research-feljott-a-partrangsor-3-helyere-a-jobbik/
2021-01-26,IDEA,0.27,0.31,0.0,0.12,0.02,0.03,0.07,http://ideaintezet.hu/hu/hirek-aktualis/50/az-ellenzek-egyesitett-listajanak-van-eselye-a-gyozelemre---2021--januar
2021-01-26,IDEA,0.2,0.34,0.0,0.0,0.02,0.03,0.0,http://ideaintezet.hu/hu/hirek-aktualis/50/az-ellenzek-egyesitett-listajanak-van-eselye-a-gyozelemre---2021--januar
2021-02-04,ZRI,0.29,0.35,0.0,0.1,0.01,0.01,0.06,https://telex.hu/belfold/2021/03/12/bige-laszlo-milliardos-politikai-kutatas-ellenzek
2021-02-04,ZRI,0.22,0.37,0.0,0.0,0.0,0.0,0.0,https://telex.hu/belfold/2021/03/12/bige-laszlo-milliardos-politikai-kutatas-ellenzek
2021-01-22,Publicus,0.34,0.3,0.0,0.08,0.0,0.0,0.06,https://publicus.hu/blog/partok-tamogatottsaga-2021-februar/
2021-01-20,Nézőpont,0.17,0.41,0.0,0.0,0.01,0.01,0.0,https://magyarnemzet.hu/belfold/nezopont-fidesz-elony-elsosorban-az-aktivak-korebena-9283832/
2021-01-21,Republikon,0.33,0.3,0.0,0.11,0.01,0.01,0.09,http://republikon.hu/media/91049/21-01-31-republikon-kvk-prezentacio.pdf
2020-12-20,Századvég,0.11,0.5,0.0,0.0,0.0,0.0,0.0,https://szazadveg.hu/hu/kutatasok/az-alapitvany-kutatasai/piackutatas-kozvelemeny-kutatas/az-ellenzeki-szavazok-dobrev-klarat-latnak-legszivesebben-miniszterelnok-jeloltkent
2020-12-17,Publicus,0.34,0.3,0.0,0.08,0.0,0.0,0.07,https://publicus.hu/blog/partok-tamogatottsaga-2021-februar/
2020-12-16,Nézőpont,0.14,0.42,0.0,0.0,0.02,0.01,0.0,https://nezopont.hu/nepszerubb-a-fidesz-mint-a-baloldali-kozos-lista/
2020-12-15,IDEA,0.31,0.31,0.0,0.11,0.02,0.02,0.07,http://ideaintezet.hu/hu/hirek-aktualis/49/lassan--de-morzsolodik-a-fidesz-tabor
2020-12-15,Republikon,0.33,0.3,0.0,0.1,0.01,0.01,0.1,"http://republikon.hu/elemzesek,-kutatasok/20-12-23-kvk.aspx"
2020-12-17,TK,0.34,0.34,0.0,0.0,0.0,0.0,0.0,"https://tk.hu/uploads/files/2021/ertek_identi.pdf, 56. oldal"
2020-12-08,ZRI,0.32,0.3,0.0,0.11,0.01,0.02,0.06,http://www.zaveczresearch.hu/elonyben-a-hatparti-ellenzek/
2020-12-08,ZRI,0.21,0.37,0.0,0.0,0.0,0.0,0.0,http://www.zaveczresearch.hu/elonyben-a-hatparti-ellenzek/
2020-12-04,IDEA,0.3,0.32,0.0,0.11,0.01,0.02,0.07,http://ideaintezet.hu/hu/hirek-aktualis/46/a-szajer-botrany-a-kirobbanasanak-idejen--meg--nem-befolyasolta-a-partpreferenciakat
2020-11-30,Medián,0.32,0.32,0.0,0.06,0.02,0.05,0.08,https://hvg.hu/360/20201216_Median_kozhangulat_partpreferencia
2020-11-30,Medián,0.26,0.4,0.0,0.0,0.0,0.0,0.0,https://hvg.hu/360/20201216_Median_kozhangulat_partpreferencia
2020-11-30,Medián,0.18,0.45,0.0,0.0,0.0,0.0,0.0,https://hvg.hu/360/20201216_Median_kozhangulat_partpreferencia
2020-11-21,Publicus,0.36,0.29,0.0,0.09,0.01,0.01,0.07,https://publicus.hu/blog/partok-tamogatottsaga-2020-november/
2020-11-21,Publicus,0.21,0.36,0.0,0.11,0.0,0.01,0.09,https://publicus.hu/blog/partok-tamogatottsaga-2020-november/
2020-11-23,Republikon,0.33,0.32,0.0,0.1,0.01,0.02,0.09,"http://republikon.hu/elemzesek,-kutatasok/20-12-02-kvk.aspx"
2020-11-17,ZRI,0.32,0.31,0.0,0.11,0.01,0.01,0.07,http://www.zaveczresearch.hu/szoros-a-verseny-a-fidesz-es-az-ellenzek-kozott/
2020-11-17,ZRI,0.27,0.34,0.0,0.0,0.01,0.01,0.0,http://www.zaveczresearch.hu/szoros-a-verseny-a-fidesz-es-az-ellenzek-kozott/
2020-11-11,ZRI,0.21,0.36,0.0,0.0,0.0,0.0,0.0,https://szocialis.eu/gyorsjelentes_2020_nov.pdf
2020-11-05,IDEA,0.28,0.32,0.0,0.11,0.02,0.02,0.07,http://ideaintezet.hu/hu/hirek-aktualis/45/az-ellenzek-ossztamogatottsaga-magasabb--mint-a-kormanypartoke
2020-10-25,Publicus,0.35,0.3,0.0,0.08,0.01,0.01,0.08,https://publicus.hu/blog/partok-tamogatottsaga-2021-februar/
2020-10-26,Republikon,0.33,0.34,0.0,0.1,0.01,0.02,0.08,http://republikon.hu/media/87527/20-10-30-republikon-partpreferencia.pdf
2020-10-20,Iránytű,0.35,0.32,0.0,0.08,0.01,0.02,0.06,http://iranytuintezet.hu/letoltes/?file=/shared/elemzesek/kutat%C3%A1s_2020%20okt%C3%B3ber.pdf
2020-10-15,ZRI,0.31,0.32,0.0,0.1,0.02,0.02,0.06,http://www.zaveczresearch.hu
2020-10-04,IDEA,0.27,0.34,0.0,0.12,0.02,0.02,0.07,http://www.ideaintezet.hu/hu/hirek-aktualis/43/a-momentum-es-a-jobbik-szavazoinak-az-elkotelezodeset-kockaztatna--ha-elutasitana-a-kozos-listat
2020-09-25,Publicus,0.37,0.3,0.0,0.08,0.01,0.01,0.07,https://publicus.hu/blog/partok-tamogatottsaga-az-osszefogas-szavazo-szuletese-2020-szeptember/
2020-09-25,Publicus,0.23,0.37,0.0,0.1,0.0,0.01,0.09,https://publicus.hu/blog/partok-tamogatottsaga-az-osszefogas-szavazo-szuletese-2020-szeptember/
2020-09-18,ZRI,0.3,0.34,0.0,0.1,0.02,0.01,0.07,http://www.zaveczresearch.hu/fidesz-34-szazalek-egyuttmukodo-ellenzek-32-szazalek/
2020-09-03,Medián,0.3,0.42,0.0,0.06,0.01,0.03,0.08,
2020-08-31,IDEA,0.31,0.35,0.0,0.11,0.02,0.02,0.07,http://www.ideaintezet.hu/hu/hirek-aktualis/42/a-momentum--es-jobbik-szavazok-tobbsege-szerint-is-a-kulon-lista-csokkenti-a-kormanyvaltas-eselyet
2020-08-31,Publicus,0.36,0.3,0.0,0.09,0.01,0.01,0.07,https://publicus.hu/blog/partok-tamogatottsaga-es-egyes-politikus-megitelese/
2020-08-31,Publicus,0.22,0.39,0.0,0.11,0.01,0.01,0.08,https://publicus.hu/blog/partok-tamogatottsaga-es-egyes-politikus-megitelese/
2020-08-24,Republikon,0.34,0.35,0.0,0.09,0.01,0.03,0.06,"http://republikon.hu/elemzesek,-kutatasok/20-09-01-ellenzek.aspx"
2020-08-14,Publicus,0.38,0.3,0.0,0.09,0.0,0.01,0.07,
2020-08-14,Publicus,0.2,0.4,0.0,0.11,0.0,0.01,0.09,
2020-08-19,ZRI,0.28,0.36,0.0,0.1,0.02,0.01,0.07,http://www.zaveczresearch.hu/tetemes-a-fidesz-elonye-de-egy-ellenzeki-kozos-lista-megkozelitene/
2020-08-19,ZRI,0.24,0.39,0.0,0.0,0.0,0.0,0.0,http://www.zaveczresearch.hu/tetemes-a-fidesz-elonye-de-egy-ellenzeki-kozos-lista-megkozelitene/
2020-08-03,IDEA,0.31,0.34,0.0,0.11,0.01,0.02,0.07,http://ideaintezet.hu/hu/hirek-aktualis/41/vihar-elotti-csend------koronavirus-jarvany-elso-hullama-utan-is-befagyott-partpreferenciakű
2020-07-24,Publicus,0.4,0.31,0.0,0.09,0.0,0.01,0.06,https://publicus.hu/blog/partok-tamogatottsaga-az-osszefogas-szavazo-szuletese-2020-szeptember/
2020-07-24,Publicus,0.2,0.41,0.0,0.11,0.01,0.02,0.08,
2020-07-15,ZRI,0.3,0.35,0.0,0.09,0.02,0.03,0.08,https://24.hu/belfold/2020/07/16/zavech-reseach-fidesz-ellenzek-lista-felmeres/
2020-07-02,Nézőpont,0.25,0.4,0.0,0.07,0.01,0.03,0.11,"https://nezopontintezet.hu/2020/07/09/kockazatos-a-kozos-lista/, https://nezopont.hu/kockazatos-a-kozos-lista/"
2020-06-30,IDEA,0.29,0.34,0.0,0.12,0.01,0.02,0.07,http://www.ideaintezet.hu/hu/hirek-aktualis/39/milyen-a----tipikus----fidesz-tamogato-
2020-06-25,Publicus,0.4,0.31,0.0,0.08,0.01,0.01,0.06,https://publicus.hu/blog/partok-tamogatottsaga-az-osszefogas-szavazo-szuletese-2020-szeptember/
2020-06-25,Publicus,0.22,0.4,0.0,0.1,0.01,0.02,0.08,https://publicus.hu/blog/az-augusztus-20-i-unnepsegek-es-a-lanchid-felujitasa-koruli-vitak/
2020-06-10,Publicus,0.4,0.31,0.0,0.09,0.01,0.01,0.06,https://publicus.hu/blog/ellenzeki-varosvezetok-es-az-egyuttmukodes-megitelese/
2020-06-10,Publicus,0.25,0.41,0.0,0.11,0.01,0.01,0.07,https://publicus.hu/blog/ellenzeki-varosvezetok-es-az-egyuttmukodes-megitelese/
2020-06-05,Nézőpont,0.24,0.42,0.0,0.08,0.01,0.03,0.09,https://nezopontintezet.hu/2020/06/12/a-jobbik-2022-re-folosleges-lehet/
2020-06-05,Medián,0.3,0.4,0.0,0.06,0.02,0.03,0.06,https://hvg.hu/360/20200610_A_jarvany_enyhulesevel_erosodott_a_Fidesz_de_a_30_ev_alattiak_kozt_elverezne
2020-05-31,IDEA,0.3,0.32,0.0,0.11,0.02,0.02,0.07,https://24.hu/belfold/2020/06/11/aktivabb-szavazok-fagyos-partpreferenciak/
2020-05-22,Publicus,0.38,0.3,0.0,0.09,0.0,0.01,0.07,https://publicus.hu/blog/partok-tamogatottsaga-2020-majus/
2020-05-22,Publicus,0.2,0.4,0.0,0.12,0.0,0.01,0.09,https://publicus.hu/blog/partok-tamogatottsaga-2020-majus/
2020-05-08,Nézőpont,0.26,0.43,0.0,0.07,0.01,0.04,0.08,https://nezopontintezet.hu/2020/05/12/tartja-megnovekedett-nepszeruseget-a-fidesz/
2020-04-27,Iránytű,0.42,0.29,0.0,0.07,0.02,0.01,0.06,http://iranytuintezet.hu/elemzesek-kutatasok/mind/239-a-koronavirus-jarvannyal-kapcsolatos-allampolgari-attitudok-es-velemenyek-vizsgalata/
2020-04-26,IDEA,0.35,0.31,0.0,0.1,0.01,0.01,0.06,http://ideaintezet.hu/hu/hirek-aktualis/37/nem-tort-elore-a-fidesz-a-koronavirus-jarvanykezelessel
2020-04-19,ZRI,0.33,0.35,0.0,0.1,0.01,0.0,0.05,https://szocialis.eu/Kozvelemeny-kutatas-SZDI2020422.pdf
2020-04-18,Publicus,0.41,0.29,0.0,0.08,0.0,0.01,0.05,https://publicus.hu/blog/partok-tamogatottsaga-2020-aprilis/
2020-04-18,Publicus,0.22,0.4,0.0,0.11,0.0,0.01,0.06,https://publicus.hu/blog/partok-tamogatottsaga-2020-aprilis/
2020-03-21,Publicus,0.41,0.3,0.0,0.08,0.01,0.01,0.03,https://publicus.hu/blog/partok-tamogatottsaga-2020-marcius-vege/
2020-03-21,Publicus,0.24,0.41,0.0,0.1,0.01,0.01,0.03,https://publicus.hu/blog/partok-tamogatottsaga-2020-marcius-vege/
2020-03-20,IDEA,0.35,0.3,0.0,0.1,0.02,0.01,0.06,http://ideaintezet.hu/hu/hirek-aktualis/35/nem-csokkeno-fidesz---kdnp--stabil-fopolgarmesteri-rokonszenv
2020-03-14,Nézőpont,0.25,0.41,0.0,0.07,0.01,0.04,0.08,https://nezopontintezet.hu/2020/03/17/a-kormanyellenesek-is-tamogatjak-a-kormanyt/
2020-03-13,ZRI,0.33,0.31,0.0,0.1,0.01,0.02,0.06,http://www.zaveczresearch.hu/tartos-parteroviszonyok-zri-kozvelemenykutatas/
2020-03-10,Publicus,0.35,0.29,0.0,0.09,0.01,0.01,0.08,https://publicus.hu/blog/partok-tamogatottsaga-2020-marcius/
2020-03-10,Publicus,0.19,0.38,0.0,0.12,0.01,0.01,0.09,https://publicus.hu/blog/partok-tamogatottsaga-2020-marcius/
2020-02-26,Publicus,0.35,0.29,0.0,0.09,0.01,0.01,0.08,https://publicus.hu/blog/partok-tamogatottsaga-2020-marcius/
2020-02-26,Publicus,0.2,0.38,0.0,0.11,0.0,0.01,0.1,https://publicus.hu/blog/kormany-vs-ellenzek-az-onkormanyzatokban/
2020-02-20,ZRI,0.33,0.31,0.0,0.09,0.02,0.02,0.06,http://www.zaveczresearch.hu/aktivabba-valtak-a-valasztok/
2020-02-13,Medián,0.24,0.4,0.0,0.09,0.01,0.01,0.06,https://hvg.hu/360/20200226_Median_Jon_vissza_a_Fidesz
2020-02-12,IDEA,0.32,0.3,0.0,0.11,0.03,0.02,0.06,http://ideaintezet.hu/hu/hirek-aktualis/32/egy-evvel-ezelotti-szinten-a-fidesz-kdnp--beallt-ellenzeki-tamogatottsag-trendek
2020-01-27,Publicus,0.38,0.28,0.0,0.08,0.01,0.01,0.08,https://publicus.hu/blog/partok-tamogatottsaga-2020-marcius/
2020-01-27,Publicus,0.22,0.37,0.0,0.1,0.01,0.01,0.1,https://nepszava.hu/3065737_orban-nelkul-is-stabil-a-kormanyparti-tabor
2020-01-27,Republikon,0.29,0.37,0.0,0.09,0.01,0.01,0.07,"http://republikon.hu/elemzesek,-kutatasok/200226-partok-politikusok.aspx"
2020-01-20,ZRI,0.37,0.29,0.0,0.09,0.02,0.02,0.06,http://www.zaveczresearch.hu/a-fidesz-tabora-csokkent-az-ellenzeke-nem-valtozott-tobb-lett-a-bizonytalan/
2020-01-16,Nézőpont,0.23,0.41,0.0,0.07,0.02,0.04,0.08,https://nezopontintezet.hu/2020/01/29/valtozatlanul-vezet-a-fidesz-kdnp-a-teljes-ellenzekkel-szemben/
2020-01-16,Nézőpont,0.09,0.49,0.0,0.09,0.03,0.04,0.11,https://nezopontintezet.hu/2020/01/29/valtozatlanul-vezet-a-fidesz-kdnp-a-teljes-ellenzekkel-szemben/
2019-12-25,IDEA,0.33,0.32,0.0,0.09,0.02,0.02,0.06,http://www.ideaintezet.hu/hu/hirek-aktualis/30/a-2019-es-ev-meglepetes-embere--karacsony-gergely------2020--januar
2019-12-20,Publicus,0.39,0.28,0.0,0.08,0.01,0.02,0.07,https://publicus.hu/blog/partok-tamogatottsaga-2019-december/
2019-12-20,Publicus,0.2,0.37,0.0,0.1,0.01,0.02,0.09,https://publicus.hu/blog/partok-tamogatottsaga-2019-december/
2019-12-15,ZRI,0.34,0.32,0.0,0.09,0.02,0.01,0.07,http://www.zaveczresearch.hu/ev-vegi-dobogosok-fidesz-32-dk-9-momentum-7/
2019-12-05,Medián,0.28,0.36,0.0,0.08,0.02,0.02,0.06,https://hvg.hu/360/20191218_median_partpreferencia
2019-12-03,IDEA,0.31,0.31,0.0,0.11,0.02,0.02,0.08,https://24.hu/kozelet/2019/12/18/idea-intezet-kutatas-dk-momentum/
2019-11-23,Publicus,0.4,0.28,0.0,0.08,0.01,0.01,0.08,https://publicus.hu/blog/partok-tamogatottsaga-2019-december/
2019-11-23,Publicus,0.22,0.37,0.0,0.1,0.01,0.02,0.1,https://nepszava.hu/3059275_tobb-millio-magyar-el-tartalek-nelkul
2019-11-30,Nézőpont,0.25,0.42,0.0,0.07,0.02,0.03,0.07,https://nezopontintezet.hu/2019/12/10/a-fidesz-kdnp-az-osszefogott-ellenzekkel-szemben-is-vezet/
2019-11-30,Nézőpont,0.11,0.5,0.0,0.09,0.02,0.03,0.1,https://nezopontintezet.hu/2019/12/10/a-fidesz-kdnp-az-osszefogott-ellenzekkel-szemben-is-vezet/
2019-11-16,ZRI,0.33,0.32,0.0,0.09,0.02,0.02,0.08,http://www.zaveczresearch.hu/a-fidesz-gyengult-a-momentum-erosodott/
2019-10-31,IDEA,0.32,0.33,0.0,0.09,0.02,0.02,0.06,http://www.ideaintezet.hu/hu/hirek-aktualis/27/karacsony-gergely-a-legnepszerubb-politikus-az-ellenzeki-szavazok-koreben
2019-10-23,Medián,0.22,0.43,0.0,0.09,0.01,0.01,0.06,
2019-10-27,Nézőpont,0.26,0.42,0.0,0.07,0.02,0.03,0.07,https://nezopontintezet.hu/2019/11/12/stagnal-a-fidesz-kdnp-elonye-az-onkormanyzati-valasztas-utan/
2019-10-27,Nézőpont,0.09,0.52,0.0,0.1,0.02,0.02,0.11,https://nezopontintezet.hu/2019/11/12/stagnal-a-fidesz-kdnp-elonye-az-onkormanyzati-valasztas-utan/
2019-10-22,Publicus,0.39,0.29,0.0,0.08,0.01,0.01,0.08,https://publicus.hu/blog/partok-tamogatottsaga-2019-oktober/
2019-10-22,Publicus,0.23,0.38,0.0,0.1,0.01,0.01,0.1,https://publicus.hu/blog/partok-tamogatottsaga-2019-oktober/
2019-09-25,Századvég,0.29,0.37,0.0,0.08,0.02,0.0,0.08,https://szazadveg.hu/hu/kutatasok/az-alapitvany-kutatasai/piackutatas-kozvelemeny-kutatas/a-fidesz-kdnp-elonye-toretlen
2019-09-26,Medián,0.26,0.42,0.0,0.1,0.01,0.02,0.04,https://kozvelemenykutatok.hu
2019-09-24,IDEA,0.35,0.31,0.0,0.09,0.01,0.03,0.05,http://www.ideaintezet.hu/hu/hirek-aktualis/26/a-durvabb-kampany-se-valtoztatott-a-szavazok-partszimpatiajan
2019-09-15,ZRI,0.31,0.35,0.0,0.09,0.02,0.02,0.05,http://www.zaveczresearch.hu/kampanyban-is-valtozatlan-eroviszonyok/
2019-09-10,Publicus,0.4,0.31,0.0,0.07,0.0,0.01,0.07,https://publicus.hu/blog/partok-tamogatottsaga-2019-december/
2019-09-10,Publicus,0.24,0.4,0.0,0.09,0.01,0.01,0.09,
2019-08-27,Publicus,0.39,0.3,0.0,0.08,0.0,0.01,0.07,https://publicus.hu/blog/partok-tamogatottsaga-2019-augusztus/
2019-08-27,Publicus,0.22,0.39,0.0,0.1,0.01,0.01,0.09,https://publicus.hu/blog/partok-tamogatottsaga-2019-augusztus/
2019-08-26,Nézőpont,0.27,0.41,0.0,0.07,0.02,0.03,0.07,https://nezopontintezet.hu/2019/09/04/stabilan-33-millio-fidesz-szimpatizans-van-magyarorszagon/
2019-08-15,ZRI,0.3,0.34,0.0,0.09,0.02,0.02,0.05,https://index.hu/belfold/2019/08/15/zavecz_budapesten_es_a_megyei_jogu_varosokban_erosebb_az_ellenzek_mint_a_fidesz/
2019-07-26,IDEA,0.34,0.31,0.0,0.1,0.01,0.03,0.05,http://www.ideaintezet.hu/hirek-aktualis/23/ellenzeki-eroviszonyok--stabilizalodo-atrendezodes------2019--augusztus
2019-07-23,Publicus,0.39,0.29,0.0,0.08,0.01,0.0,0.07,https://publicus.hu/blog/partok-tamogatottsaga-2019-julius/
2019-07-23,Publicus,0.24,0.37,0.0,0.1,0.01,0.01,0.09,https://publicus.hu/blog/partok-tamogatottsaga-2019-julius/
2019-07-28,Nézőpont,0.27,0.41,0.0,0.07,0.02,0.03,0.06,https://nezopontintezet.hu/2019/08/05/40-szazalekpontos-elonnyel-vezet-a-fidesz-kdnp/
2019-07-13,ZRI,0.34,0.32,0.0,0.1,0.02,0.02,0.05,http://www.zaveczresearch.hu/a-nyar-kozepere-csokkent-a-politikai-aktivitas/
2019-07-02,Medián,0.26,0.4,0.0,0.11,0.01,0.01,0.05,https://index.hu/belfold/2019/07/10/median_kozvelemeny-kutatas_momentum_dk/
2019-06-27,Publicus,0.37,0.31,0.0,0.07,0.01,0.01,0.07,https://publicus.hu/blog/partok-tamogatottsaga-2019-junius/
2019-06-27,Publicus,0.2,0.38,0.0,0.1,0.01,0.01,0.09,https://publicus.hu/blog/partok-tamogatottsaga-2019-junius/
2019-06-26,Nézőpont,0.26,0.41,0.0,0.08,0.02,0.03,0.07,https://nezopontintezet.hu/2019/07/02/utcahosszal-vezet-a-fidesz-kdnp-az-ep-valasztas-utan/
2019-06-14,ZRI,0.3,0.34,0.0,0.11,0.02,0.01,0.06,https://24.hu/belfold/2019/06/17/zavecz-tovabb-tart-a-fidesz-a-dk-es-a-momentum-lendulete/
2019-06-09,IDEA,0.34,0.32,0.0,0.08,0.02,0.03,0.05,http://www.ideaintezet.hu/hirek-aktualis/20/mint-az-ep-valasztason--erosodik-a-dk-es-momentum--
2019-06-09,IDEA,0.34,0.32,0.0,0.08,0.02,0.03,0.05,http://www.ideaintezet.hu/hu/hirek-aktualis/20/mint-az-ep-valasztason--erosodik-a-dk-es-momentum--
2019-05-22,Publicus,0.39,0.29,0.0,0.04,0.0,0.01,0.02,https://publicus.hu/blog/partok-ep-es-orszaggyulesi-tamogatottsaga-2019-majus/
2019-05-22,Publicus,0.36,0.29,0.0,0.07,0.01,0.01,0.04,https://publicus.hu/blog/partok-ep-es-orszaggyulesi-tamogatottsaga-2019-majus/
2019-05-22,Publicus,0.23,0.37,0.0,0.05,0.01,0.01,0.03,https://publicus.hu/blog/partok-ep-es-orszaggyulesi-tamogatottsaga-2019-majus/
2019-05-22,Publicus,0.19,0.39,0.0,0.09,0.01,0.01,0.05,https://publicus.hu/blog/partok-ep-es-orszaggyulesi-tamogatottsaga-2019-majus/
2019-05-18,Medián,0.29,0.39,0.0,0.07,0.01,0.01,0.04,https://hvg.hu/itthon/201921_mozdulnake
2019-05-18,Századvég,0.07,0.51,0.0,0.11,0.03,0.0,0.06,https://szazadveg.hu/hu/kutatasok/az-alapitvany-kutatasai/piackutatas-kozvelemeny-kutatas/a-magyarok-elsopro-tobbsege-valtozast-szeretne-az-europai-unioban
2019-05-14,ZRI,0.31,0.33,0.0,0.07,0.02,0.02,0.03,http://www.zaveczresearch.hu/szoros-versenyben-a-jobbik-az-mszp-es-a-dk/
2019-05-11,Iránytű,0.35,0.32,0.0,0.05,0.02,0.03,0.04,http://iranytuintezet.hu/elemzesek-kutatasok/mind/237-partpreferenciak-alakulasa-az-europai-parlamenti-valasztas-elott/
2019-05-06,IDEA,0.34,0.32,0.0,0.14,0.01,0.03,0.03,http://www.ideaintezet.hu/hu/hirek-aktualis/17 EREDETILEG: http://www.ideaintezet.hu/hirek-aktualis/17/erosodo-fidesz-----kdnp-es-lmp---momentum-libikoka
2019-04-23,Publicus,0.36,0.3,0.0,0.05,0.0,0.0,0.04,https://publicus.hu/blog/partok-ep-tamogatottsaga-2019-aprilis/
2019-04-23,Publicus,0.21,0.38,0.0,0.06,0.0,0.0,0.05,https://publicus.hu/blog/partok-ep-tamogatottsaga-2019-aprilis/
2019-04-21,Századvég,0.34,0.36,0.0,0.05,0.01,0.0,0.03,https://szazadveg.hu/hu/kutatasok/az-alapitvany-kutatasai/piackutatas-kozvelemeny-kutatas/eros-kormanyparti-gyozelem-varhato-az-ep-valasztasokon
2019-04-26,Nézőpont,0.32,0.42,0.0,0.04,0.01,0.02,0.02,https://magyarnemzet.hu/belfold/nezopont-tovabb-nott-a-fidesz-kdnp-nepszerusege-6889859/
2019-04-15,ZRI,0.34,0.33,0.0,0.06,0.01,0.02,0.03,http://www.zaveczresearch.hu/az-ep-kampany-valamelyest-mozditott-a-partpreferenciakon/
2019-04-03,Medián,0.24,0.41,0.0,0.07,0.0,0.01,0.04,https://hvg.hu/itthon/20190417_Median_Az_MSZP_beerte_a_Jobbikot_a_Fidesz_ismet_erosodott
2019-04-01,IDEA,0.35,0.31,0.0,0.06,0.01,0.02,0.04,http://www.ideaintezet.hu/hirek-aktualis/16/indulo-ep-kampany-valtozatlan-eroviszonyokkal---2-es-fel-millioan-a-fidesz-taboraban
2019-03-20,Publicus,0.44,0.26,0.0,0.02,0.01,0.02,0.02,https://publicus.hu/blog/partok-orszaggyulesi-es-ep-tamogatottsaga-2019-marcius/
2019-03-20,Publicus,0.38,0.29,0.0,0.04,0.0,0.0,0.04,https://publicus.hu/blog/partok-orszaggyulesi-es-ep-tamogatottsaga-2019-marcius/
2019-03-20,Publicus,0.25,0.37,0.0,0.03,0.01,0.02,0.02,https://publicus.hu/blog/partok-orszaggyulesi-es-ep-tamogatottsaga-2019-marcius/
2019-03-20,Publicus,0.23,0.37,0.0,0.05,0.0,0.01,0.05,https://publicus.hu/blog/partok-orszaggyulesi-es-ep-tamogatottsaga-2019-marcius/
2019-03-28,Nézőpont,0.3,0.42,0.0,0.04,0.01,0.03,0.02,https://kozvelemenykutatok.hu/#1
2019-03-19,ZRI,0.36,0.31,0.0,0.05,0.01,0.01,0.04,http://www.zaveczresearch.hu/kismervu-valtozasok-a-partpreferenciakban/
2019-03-04,IDEA,0.34,0.31,0.0,0.06,0.0,0.03,0.03,https://hvg.hu/itthon/20190311_IDEA_a_baloldal_semmit_nem_profitalt_a_tuloratorvenyes_tiltakozasokbol
2019-02-20,Publicus,0.44,0.25,0.0,0.03,0.0,0.01,0.02,https://publicus.hu/blog/partok-tamogatottsaga-es-potencialis-ep-egyuttmukodesek-2019-februar/
2019-02-20,Publicus,0.28,0.37,0.0,0.03,0.0,0.01,0.02,https://publicus.hu/blog/partok-tamogatottsaga-es-potencialis-ep-egyuttmukodesek-2019-februar/
2019-02-22,Nézőpont,0.32,0.4,0.0,0.04,0.02,0.02,0.02,https://nezopontintezet.hu/2019/03/01/5427/
2019-02-10,ZRI,0.33,0.32,0.0,0.05,0.02,0.02,0.03,http://www.zaveczresearch.hu/stabil-partpreferenciak/
2019-01-28,IDEA,0.32,0.32,0.0,0.06,0.01,0.04,0.04,http://www.ideaintezet.hu/hirek-aktualis/14/24-hu---idea-intezet--gyengult-a-fidesz--erosodott-a-jobbik
2019-01-27,Medián,0.3,0.38,0.0,0.06,0.0,0.01,0.02,https://hvg.hu/itthon/20190206_Median_Felmillio_tamogatot_veszitett_el_a_Fidesz
2019-01-27,Nézőpont,0.33,0.39,0.0,0.04,0.02,0.02,0.02,https://nezopontintezet.hu/2019/02/11/valtozatlan-a-fidesz-kdnp-tamogatottsaga/
2019-01-16,Publicus,0.48,0.23,0.0,0.03,0.01,0.01,0.02,https://publicus.hu/blog/partok-tamogatottsaga-2019-januar/
2019-01-16,Publicus,0.26,0.34,0.0,0.04,0.01,0.02,0.03,https://publicus.hu/blog/partok-tamogatottsaga-2019-januar/
2019-01-13,Századvég,0.37,0.35,0.0,0.04,0.0,0.0,0.0,https://szazadveg.hu/hu/kutatasok/az-alapitvany-kutatasai/piackutatas-kozvelemeny-kutatas/stabil-a-kormanypartok-tamogatottsaga
2019-01-11,ZRI,0.33,0.32,0.0,0.05,0.01,0.03,0.04,http://www.zaveczresearch.hu/a-partlistat-biztosan-vezeto-fidesz-tamogatokat-veszitett/
2018-12-20,IDEA,0.32,0.35,0.0,0.06,0.01,0.03,0.03,https://hvg.hu/itthon/20190103_A_rabszolgatorveny_ellenere_sem_szavaznanak_kevesebben_a_Fideszre
2018-12-19,Publicus,0.5,0.23,0.0,0.03,0.0,0.01,0.02,https://publicus.hu/blog/partok-tamogatottsaga-2018-december/
2018-12-19,Publicus,0.29,0.33,0.0,0.04,0.0,0.02,0.03,https://publicus.hu/blog/partok-tamogatottsaga-2018-december/
2018-12-14,ZRI,0.32,0.35,0.0,0.05,0.01,0.02,0.03,http://www.zaveczresearch.hu/a-partok-tamogatottsaga/
2018-12-15,Nézőpont,0.36,0.38,0.0,0.04,0.01,0.03,0.02,https://nezopontintezet.hu/2018/12/22/a-fidesz-nepszerusege-nott-a-radikalizalodo-ellenzeke-csokkent-a-valasztasok-ota/
2018-12-05,Medián,0.26,0.41,0.0,0.06,0.02,0.01,0.03,https://kozvelemenykutatok.hu/2018-decemberi-kutatasi-eredmenyek-median/
2018-12-03,IDEA,0.34,0.34,0.0,0.06,0.01,0.03,0.03,http://www.ideaintezet.hu/hirek-aktualis/12/fidesz-kdnp-es-jobbik--egyutt-vesztettek-tamogatokat-----erosodo-momentum
2018-11-27,Nézőpont,0.34,0.38,0.0,0.04,0.02,0.02,0.02,https://nezopontintezet.hu/2018/12/04/erosodott-a-fidesz-tovabb-gyengult-a-jobbik/
2018-11-21,Publicus,0.49,0.25,0.0,0.02,0.01,0.02,0.01,https://publicus.hu/blog/partok-tamogatottsaga-2018-november/
2018-11-22,ZRI,0.33,0.36,0.0,0.05,0.0,0.03,0.03,http://www.zaveczresearch.hu/a-partok-tamogatottsaga/
2018-10-22,IDEA,0.33,0.37,0.0,0.05,0.01,0.03,0.01,http://www.ideaintezet.hu/hirek-aktualis/11/veszely-nelkuli-zonaban-a-fidesz-kdnp--kuszob-alatti-lmp
2018-10-29,Nézőpont,0.36,0.38,0.0,0.04,0.01,0.02,0.02,https://nezopontintezet.hu/2018/11/09/a-valasztok-fele-fidesz-szavazo/
2018-10-21,ZRI,0.34,0.36,0.0,0.05,0.01,0.02,0.02,http://www.zaveczresearch.hu/a-partok-tamogatottsaga/
2018-10-17,Medián,0.27,0.45,0.0,0.05,0.01,0.01,0.03,https://hvg.hu/itthon/201845__partok_es_politikusok_nepszerusege__erosodo_fidesz__ingatagok
2018-10-17,Publicus,0.47,0.24,0.0,0.03,0.01,0.02,0.01,https://publicus.hu/blog/partok-tamogatottsaga-2018-oktober/
2018-09-18,Publicus,0.45,0.26,0.0,0.03,0.0,0.02,0.01,https://publicus.hu/blog/partok-tamogatottsaga-2018-szeptember/
2018-09-19,ZRI,0.34,0.35,0.0,0.04,0.01,0.02,0.02,http://www.zaveczresearch.hu/a-partok-tamogatottsaga/
2018-09-17,Medián,0.31,0.37,0.0,0.06,0.01,0.01,0.02,https://hvg.hu/itthon/201845__partok_es_politikusok_nepszerusege__erosodo_fidesz__ingatagok
2018-09-18,Nézőpont,0.33,0.39,0.0,0.05,0.01,0.02,0.02,https://nezopontintezet.hu/2018/10/01/most-vasarnap-az-ep-mandatumok-tobb-mint-60-szazalekat-a-fidesz-szerezne-meg-3/
2018-09-10,Századvég,0.35,0.36,0.0,0.04,0.0,0.0,0.0,https://szazadveg.hu/hu/kutatasok/az-alapitvany-kutatasai/piackutatas-kozvelemeny-kutatas/eros-fidesz-kdnp-gyengulo-ellenzek
2018-08-18,ZRI,0.34,0.35,0.0,0.04,0.0,0.03,0.02,http://www.zaveczresearch.hu/a-partok-tamogatottsaga/
2018-08-17,Publicus,0.49,0.25,0.0,0.02,0.0,0.01,0.01,https://publicus.hu/blog/partok-tamogatottsaga-2018-augusztus/
2018-08-14,Nézőpont,0.31,0.41,0.0,0.04,0.01,0.01,0.02,https://nezopontintezet.hu/2018/09/03/a-fidesz-az-egyetlen-neppart/
2018-07-18,ZRI,0.37,0.34,0.0,0.05,0.0,0.02,0.01,http://www.zaveczresearch.hu/a-partok-tamogatottsaga/
2018-07-16,Publicus,0.47,0.25,0.0,0.02,0.0,0.01,0.01,https://kozvelemenykutatok.hu/10696-2/
2018-07-17,Nézőpont,0.3,0.42,0.0,0.04,0.01,0.01,0.02,https://nezopontintezet.hu/2018/07/25/lejtmenetben-a-jobbik/
2018-07-06,Századvég,0.33,0.36,0.0,0.04,0.0,0.0,0.0,https://szazadveg.hu/hu/kutatasok/az-alapitvany-kutatasai/piackutatas-kozvelemeny-kutatas/stabil-fidesz-kdnp-gyengulo-ellenzek
2018-06-22,Nézőpont,0.31,0.42,0.0,0.03,0.0,0.01,0.02,https://nezopontintezet.hu/2018/06/30/a-2014-es-valasztasok-ota-nem-volt-ilyen-magas-a-fidesz-kdnp-tamogatottsaga/
2018-06-13,Publicus,0.42,0.25,0.0,0.03,0.0,0.02,0.02,https://publicus.hu/blog/partok-tamogatottsaga-2018-junius/
2018-06-11,ZRI,0.35,0.33,0.0,0.04,0.0,0.02,0.01,http://www.zaveczresearch.hu/muloban-az-aktivitas-de-a-fidesz-szavazok-lenduletben-maradtak/
2018-05-31,Medián,0.25,0.41,0.0,0.05,0.0,0.01,0.03,https://hvg.hu/itthon/201823_medianfelmeres_gyozteshez_huzas
2018-05-22,Nézőpont,0.31,0.42,0.0,0.03,0.0,0.01,0.02,https://nezopontintezet.hu/2018/06/02/tovabb-erosodott-a-fidesz-kdnp-kozel-400-000-fovel-bovult-a-kormanypartok-tabora/
2018-05-13,ZRI,0.31,0.33,0.0,0.04,0.0,0.02,0.02,http://www.zaveczresearch.hu/kik-szavaztak-hogyan-szavaztak-aprilis-8-an/
2018-05-09,Publicus,0.4,0.26,0.0,0.03,0.0,0.01,0.02,https://publicus.hu/blog/partok_tamogatottsaga_es_az_ellenzeki_politizalas-2018_majus/
2018-05-09,Publicus,0.27,0.35,0.0,0.03,0.0,0.01,0.02,https://publicus.hu/blog/partok_tamogatottsaga_es_az_ellenzeki_politizalas-2018_majus/
2018-04-30,Nézőpont,0.31,0.41,0.0,0.04,0.0,0.01,0.02,https://nezopontintezet.hu/2018/05/08/a-fidesz-kdnp-vel-szimpatizal-a-tobbseg/
2018-04-23,Publicus,0.37,0.28,0.0,0.03,0.0,0.01,0.02,https://publicus.hu/blog/partok-tamogatottsaga-es-atszavazasok-2018-aprilis/
2018-04-06,Iránytű,0.31,0.29,0.0,0.05,0.0,0.01,0.01,http://iranytuintezet.hu/elemzesek-kutatasok/mind/235-a-valasztas-elotti-utolso-meresunk/
2018-04-03,Publicus,0.37,0.25,0.0,0.03,0.0,0.0,0.01,http://publicus.hu/blog/partok_tamogatottsaga_szakertoi_becsles_2018_aprilis/
2018-04-03,Publicus,0.2,0.34,0.0,0.04,0.0,0.0,0.01,http://publicus.hu/blog/partok_tamogatottsaga_szakertoi_becsles_2018_aprilis/
2018-03-31,IDEA,0.29,0.31,0.0,0.08,0.0,0.0,0.01,https://ideaintezet.hu/hu/hirek-aktualis/7/nem-eleg-hallani-az-eselyes-jeloltrol--tudni-is-kell--ki-az EREDETILEG  http://www.ideaintezet.hu/hirek-aktualis/7/nem-eleg-hallani-az-eselyes-jeloltrol--tudni-is-kell--ki-az
2018-03-31,Századvég,0.28,0.36,0.0,0.05,0.0,0.0,0.0,https://web.archive.org/web/20200723061910/https://szazadveg.hu/hu/kutatasok/az-alapitvany-kutatasai/piackutatas-kozvelemeny-kutatas/fordulat-a-partok-versenyeben-az-mszp-megelozte-a-jobbikot   EREDETILEG https://szazadveg.hu/hu/kutatasok/az-alapitvany-ku
2018-03-27,Medián,0.23,0.41,0.0,0.05,0.0,0.01,0.02,https://m.hvg.hu/360/hetilap360/2018/14/20181405magyar3 EREDETILEG https://hvg.hu/itthon/201814__medianfelmeres__erosodo_fidesz__nepszeru_kormany__rejtozo_ketharmad
2018-03-24,Iránytű,0.3,0.29,0.0,0.05,0.0,0.01,0.02,http://iranytuintezet.hu/elemzesek-kutatasok/mind/233-az-iranytu-intezet-2018.-marciusi-orszagos-kozvelemeny-kutatasa/
2018-03-23,Republikon,0.38,0.3,0.0,0.03,0.0,0.0,0.01,http://republikon.hu/media/38516/republikon_kutatas_prez_1803.pdf
2018-03-14,Publicus,0.36,0.27,0.0,0.04,0.0,0.01,0.0,https://publicus.hu/blog/partok_tamogatottsaga_2018_marcius/
2018-03-14,Publicus,0.22,0.36,0.0,0.04,0.0,0.01,0.01,https://publicus.hu/blog/partok_tamogatottsaga_2018_marcius/
2018-03-19,Nézőpont,0.34,0.41,0.0,0.04,0.0,0.01,0.02,https://nezopont.hu/valtozatlanul-vezet-a-fidesz-a-kampany-veghajrajaban/ EREDETILEG https://nezopontintezet.hu/2018/03/28/valtozatlanul-vezet-a-fidesz-a-kampany-veghajrajaban/
2018-03-14,ZRI,0.3,0.32,0.0,0.04,0.0,0.02,0.02,http://www.zaveczresearch.hu/nott-az-aktivitas-erosodott-a-jobbik/
2018-03-07,Medián,0.29,0.39,0.0,0.06,0.0,0.0,0.01,https://hvg.hu/itthon/20180314_median_kozvelemeny_kutatas_marcius
2018-03-03,Iránytű,0.29,0.31,0.0,0.05,0.0,0.01,0.03,http://iranytuintezet.hu/elemzesek-kutatasok/mind/231-az-iranytu-intezet-2018.-februari-orszagos-kozvelemeny-kutatasa/
2018-02-28,IDEA,0.25,0.31,0.0,0.08,0.0,0.0,0.01,http://www.ideaintezet.hu/hirek-aktualis/6/friss-felmeres--csokken-a-fidesz-elonye--erosodik-az-ellenzek
2018-02-28,Századvég,0.3,0.36,0.0,0.05,0.0,0.0,0.0,https://szazadveg.hu/hu/kutatasok/az-alapitvany-kutatasai/piackutatas-kozvelemeny-kutatas/aktivizalodott-a-fidesz-kdnp-tabor-hodmezovasarhely-utan
2018-02-22,Republikon,0.39,0.29,0.0,0.03,0.0,0.0,0.01,http://republikon.hu/media/38494/republikon_kutatas_prez_1802.pdf
2018-02-18,Iránytű,0.34,0.17,0.0,0.08,0.0,0.0,0.03,http://iranytuintezet.hu/letoltes/?file=/shared/kutatasok/Hogy%20szavazn%C3%A1nak%20az%20akt%C3%ADv%20Facebook-felhaszn%C3%A1l%C3%B3k_2018.03.01..pdf
2018-02-21,Nézőpont,0.35,0.4,0.0,0.04,0.0,0.01,0.02,http://nezopontintezet.hu/analysis/valtozatlan-eroviszonyok-kampanystartnal/
2018-02-14,Publicus,0.38,0.26,0.0,0.04,0.0,0.01,0.0,http://publicus.hu/blog/partok_tamogatottsaga_es_egyes_politikusok_nepszersege_2018_februar/
2018-02-14,Publicus,0.22,0.35,0.0,0.04,0.0,0.02,0.0,http://publicus.hu/blog/partok_tamogatottsaga_es_egyes_politikusok_nepszersege_2018_februar/
2018-02-15,ZRI,0.34,0.32,0.0,0.05,0.0,0.01,0.02,http://www.zaveczresearch.hu/alig-mozdulnak-szavazok/
2018-02-13,Századvég,0.3,0.35,0.0,0.06,0.0,0.0,0.0,https://szazadveg.hu/hu/kutatasok/az-alapitvany-kutatasai/piackutatas-kozvelemeny-kutatas/stabil-fidesz-kdnp-elony-erosodo-lmp
2018-01-31,IDEA,0.18,0.33,0.0,0.08,0.0,0.0,0.01,http://www.atv.hu/belfold/20180212-friss-meres-tartjak-magukat-gyurcsanyek-az-mszp-a-kuszobon-tancol
2018-01-30,Republikon,0.38,0.32,0.0,0.03,0.0,0.0,0.02,http://republikon.hu/media/38487/republikon_kutatas_prez_1801.pdf
2018-01-23,Medián,0.26,0.37,0.0,0.06,0.0,0.01,0.01,https://hvg.hu/itthon/20180131_Median_Elbizonytalanodott_a_tabora_kerdes_a_Fideszgyozelem_merteke
2018-01-23,Medián,0.13,0.46,0.0,0.08,0.0,0.0,0.01,https://hvg.hu/itthon/20180131_Median_Elbizonytalanodott_a_tabora_kerdes_a_Fideszgyozelem_merteke
2018-01-24,Századvég,0.29,0.35,0.0,0.05,0.0,0.0,0.0,https://szazadveg.hu/hu/kutatasok/az-alapitvany-kutatasai/piackutatas-kozvelemeny-kutatas/valtozatlan-fidesz-kdnp-foleny
2018-01-23,Tárki,0.26,0.46,0.0,0.05,0.0,0.0,0.01,http://www.tarki.hu/hu/news/2018/kitekint/20180129_valasztas.html
2018-01-16,Publicus,0.41,0.26,0.0,0.03,0.0,0.01,0.0,http://publicus.hu/blog/partok_tamogatottsaga_es_egyes_politikusok_nepszerusege_2018_januar/
2018-01-16,Publicus,0.23,0.35,0.0,0.03,0.0,0.01,0.0,http://publicus.hu/blog/partok_tamogatottsaga_es_egyes_politikusok_nepszerusege_2018_januar/
2018-01-21,Nézőpont,0.36,0.4,0.0,0.04,0.0,0.01,0.02,http://nezopontintezet.hu/analysis/2018_januar_partpreferencia_nezopont/
2018-01-15,ZRI,0.35,0.34,0.0,0.05,0.0,0.0,0.02,http://www.zaveczresearch.hu/alacsony-aktivitas-valtozatlan-eroviszonyok/
2018-01-09,Iránytű,0.29,0.33,0.0,0.05,0.0,0.01,0.03,https://mno.hu/belfold/iranytu-intezet-gyengult-a-fidesz-de-magasan-vezet-2443709
2025-01-22,Republikon,0.28,0.23,0.26,0.08,0.05,0.04,0.02,"https://republikon.hu/elemzesek,-kutatasok/250128_kvk_januar.aspx"
